Spotify URI,Title,Album,Artist(s),Submitter ID,Created,Comment,Round ID,Visible To Voters
spotify:track:0CrcwVLUe8wzLUIXgjXVZJ,Kill Bill (feat. Doja Cat),Kill Bill (feat. Doja Cat),"SZA, Doja Cat",cb2e9a92e0404f18a27f7897a58fc445,2023-08-29T18:59:50Z,,edd1f5115fd44739bf8e773b19586e1d,No
spotify:track:0hUUCxji9cN0gb8Twf0a0n,Morning Pages,In the End It Always Does,"The Japanese House, MUNA",2fa53d8d72a24f40b3e727815750baa8,2023-08-31T18:06:35Z,,edd1f5115fd44739bf8e773b19586e1d,No
spotify:track:11C4y2Yz1XbHmaQwO06s9f,Dance The Night,Barbie The Album,Dua Lipa,cb2e9a92e0404f18a27f7897a58fc445,2023-08-29T18:59:50Z,,edd1f5115fd44739bf8e773b19586e1d,No
spotify:track:1bKOcc2DsgU2BCmdgPjNmU,Smog,All of This Will End,Indigo De Souza,2fa53d8d72a24f40b3e727815750baa8,2023-08-31T18:06:35Z,,edd1f5115fd44739bf8e773b19586e1d,No
spotify:track:22VHOlVYBqytsrAqV8yXBK,Dial Drunk (with Post Malone),Dial Drunk (with Post Malone),"Noah Kahan, Post Malone",775ff65ba96c4a0aaf80c7cabb5d4c2f,2023-08-29T16:48:39Z,,edd1f5115fd44739bf8e773b19586e1d,Yes
spotify:track:23RoR84KodL5HWvUTneQ1w,(It Goes Like) Nanana - Edit,(It Goes Like) Nanana [Edit],Peggy Gou,96ecf97c69024d27b8c8a45b1c59cb86,2023-08-31T15:57:53Z,Peggy fuckin slaps yo,edd1f5115fd44739bf8e773b19586e1d,No
spotify:track:2B9sTgrTUR2Cg9o8e1GT9w,Pages,Asking For A Ride,White Reaper,58afd4f15f39489cb2ecbcd7895eb2f8,2023-09-01T01:33:36Z,,edd1f5115fd44739bf8e773b19586e1d,No
spotify:track:2eROz9rnZZAX3xAcN2fhNP,Moonlit Breakers (feat. Dijon),Moonlit Breakers (feat. Dijon),"Paul Dally, Dijon",65af0a018fc04a5aa7541314b9cd165f,2023-08-28T23:27:34Z,,edd1f5115fd44739bf8e773b19586e1d,No
spotify:track:2IGMVunIBsBLtEQyoI1Mu7,Paint The Town Red,Paint The Town Red,Doja Cat,f30a735fd60b474284553995aa9768f1,2023-08-30T15:32:25Z,,edd1f5115fd44739bf8e773b19586e1d,No
spotify:track:38xXr3MkiKNzNDv4JDJagF,$20,the record,"boygenius, Julien Baker, Phoebe Bridgers, Lucy Dacus",a0e1625f68f2420c806bc57a00ccd519,2023-08-29T16:19:48Z,Julien screaming‚Ä¶.u cant beat that,edd1f5115fd44739bf8e773b19586e1d,No
spotify:track:397MnnXkJ3TTlqey1oWM51,Forbidden Doors,Pollen,Tennis,775ff65ba96c4a0aaf80c7cabb5d4c2f,2023-08-29T16:48:39Z,"The band is out of Denver, CO!",edd1f5115fd44739bf8e773b19586e1d,Yes
spotify:track:3k79jB4aGmMDUQzEwa46Rz,vampire,vampire,Olivia Rodrigo,b82c715e0aef4ba990d0281b0c2118cb,2023-08-29T15:03:57Z,,edd1f5115fd44739bf8e773b19586e1d,No
spotify:track:3MytWN8L7shNYzGl4tAKRp,Sparks Fly (Taylor‚Äôs Version),Speak Now (Taylor's Version),Taylor Swift,741b3f4d3e9d4bcaae168bee3f6f4513,2023-08-28T23:35:06Z,,edd1f5115fd44739bf8e773b19586e1d,No
spotify:track:44EmuDeJW0Io8HIUUIdgIR,In The Kitchen,Everything To Everyone (Deluxe),Rene√© Rapp,c826994196274eef984920f598cf3657,2023-08-30T21:59:15Z,,edd1f5115fd44739bf8e773b19586e1d,No
spotify:track:4N9CjZCmixsudkya5a7MtW,On the Run,Raven,Kelela,58afd4f15f39489cb2ecbcd7895eb2f8,2023-09-01T01:33:36Z,,edd1f5115fd44739bf8e773b19586e1d,No
spotify:track:4Z59a9hIn8EMsni3OiqGso,Think Fast (feat. Weezer),Sunburn,"Dominic Fike, Weezer",65af0a018fc04a5aa7541314b9cd165f,2023-08-28T23:27:34Z,,edd1f5115fd44739bf8e773b19586e1d,No
spotify:track:557jdZsn0FAltJXgenminf,Pretty Boy,Pretty Boy,L√âON,6811e4c36dd94a059e859ad809572f37,2023-08-28T21:21:23Z,,edd1f5115fd44739bf8e773b19586e1d,No
spotify:track:5FEqBgIdceDWsbt0LJipMT,When We Met,Quiet Music For Young People,Dana and Alden,f30a735fd60b474284553995aa9768f1,2023-08-30T15:32:25Z,,edd1f5115fd44739bf8e773b19586e1d,No
spotify:track:5NsdWdkHR3AScw6EKj51CA,Mourning,AUSTIN (Bonus),Post Malone,c826994196274eef984920f598cf3657,2023-08-30T21:59:15Z,,edd1f5115fd44739bf8e773b19586e1d,No
spotify:track:61h5rJ790Vov9ks2Vut5mo,For Granted,For Granted,Yaeji,a0e1625f68f2420c806bc57a00ccd519,2023-08-29T16:19:48Z,Yaeji supremacy ,edd1f5115fd44739bf8e773b19586e1d,No
spotify:track:6AQbmUe0Qwf5PZnt4HmTXv,Boy's a liar Pt. 2,Boy's a liar Pt. 2,"PinkPantheress, Ice Spice",b82c715e0aef4ba990d0281b0c2118cb,2023-08-29T15:03:57Z,,edd1f5115fd44739bf8e773b19586e1d,No
spotify:track:6wf7Yu7cxBSPrRlWeSeK0Q,"What Was I Made For? [From The Motion Picture ""Barbie""]","What Was I Made For? [From The Motion Picture ""Barbie""]",Billie Eilish,6811e4c36dd94a059e859ad809572f37,2023-08-28T21:21:23Z,,edd1f5115fd44739bf8e773b19586e1d,No
spotify:track:7jPdqwZug0ovtDZsY5uK4T,I‚Äôm Just Ken (From Barbie The Album),I‚Äôm Just Ken (From Barbie The Album),Ryan Gosling,741b3f4d3e9d4bcaae168bee3f6f4513,2023-08-28T23:35:06Z,,edd1f5115fd44739bf8e773b19586e1d,No
spotify:track:7zh9Phpu0GVQ6bCbPHiZAf,Heart of Gold (with Bon Iver),Heart of Gold (with Bon Iver),"Ilsey, Bon Iver",96ecf97c69024d27b8c8a45b1c59cb86,2023-08-31T15:57:53Z,Some pretty sounds for ya ,edd1f5115fd44739bf8e773b19586e1d,No
spotify:track:03tqyYWC9Um2ZqU0ZN849H,No Hands (feat. Roscoe Dash & Wale),Flockaveli,"Waka Flocka Flame, Roscoe Dash, Wale",58afd4f15f39489cb2ecbcd7895eb2f8,2023-09-05T01:50:55Z,,4de5d3c13914497c8bfc85b5cfcf18ec,No
spotify:track:1aZLIbKEdsyqxyD6iNcrbA,Pour Some Sugar On Me,Hysteria,Def Leppard,6811e4c36dd94a059e859ad809572f37,2023-09-06T19:40:10Z,This song just does somethin to me üòÆ‚Äçüí®,4de5d3c13914497c8bfc85b5cfcf18ec,No
spotify:track:1PckUlxKqWQs3RlWXVBLw3,About Damn Time,About Damn Time,Lizzo,96ecf97c69024d27b8c8a45b1c59cb86,2023-09-06T14:35:03Z,,4de5d3c13914497c8bfc85b5cfcf18ec,No
spotify:track:2cmRpmO04TLaKPzmAzySYZ,Dance Yrself Clean,This Is Happening,LCD Soundsystem,f30a735fd60b474284553995aa9768f1,2023-09-05T15:03:17Z,,4de5d3c13914497c8bfc85b5cfcf18ec,No
spotify:track:2fE1hcjUxlLxXrZusTEJlq,Hey Ma,Come Home With Me,"Cam'ron, Juelz Santana, Freekey Zeekey, Toya",2fa53d8d72a24f40b3e727815750baa8,2023-09-06T16:46:44Z,,4de5d3c13914497c8bfc85b5cfcf18ec,No
spotify:track:2NBQmPrOEEjA8VbeWOQGxO,Drop It Like It's Hot,R&G (Rhythm & Gangsta): The Masterpiece,"Snoop Dogg, Pharrell Williams",f30a735fd60b474284553995aa9768f1,2023-09-05T15:03:17Z,,4de5d3c13914497c8bfc85b5cfcf18ec,No
spotify:track:2tUBqZG2AbRi7Q0BIrVrEj,I Wanna Dance with Somebody (Who Loves Me),Whitney,Whitney Houston,c826994196274eef984920f598cf3657,2023-09-05T01:28:25Z,,4de5d3c13914497c8bfc85b5cfcf18ec,No
spotify:track:3avYqdwHKEq8beXbeWCKqJ,Last Friday Night (T.G.I.F.),Teenage Dream,Katy Perry,2fa53d8d72a24f40b3e727815750baa8,2023-09-06T16:46:44Z,,4de5d3c13914497c8bfc85b5cfcf18ec,No
spotify:track:3DarAbFujv6eYNliUTyqtz,Kiss Me More (feat. SZA),Planet Her,"Doja Cat, SZA",cb2e9a92e0404f18a27f7897a58fc445,2023-09-08T14:26:16Z,,4de5d3c13914497c8bfc85b5cfcf18ec,Yes
spotify:track:3FtYbEfBqAlGO46NUDQSAt,Electric Feel,Oracular Spectacular,MGMT,625e5ceef80e4ccc9d76b55dcbb50204,2023-09-08T00:15:32Z,,4de5d3c13914497c8bfc85b5cfcf18ec,No
spotify:track:3ix6K4wZY29bCujrSznwFZ,Let's Dance - 2018 Remaster,Let's Dance (2018 Remaster),David Bowie,4e6be55af0ac4eefa1df0eb6f900041f,2023-09-07T18:25:33Z,,4de5d3c13914497c8bfc85b5cfcf18ec,No
spotify:track:3PfIrDoz19wz7qK7tYeu62,Don't Start Now,Future Nostalgia,Dua Lipa,96ecf97c69024d27b8c8a45b1c59cb86,2023-09-06T14:35:03Z,,4de5d3c13914497c8bfc85b5cfcf18ec,No
spotify:track:3vkQ5DAB1qQMYO4Mr9zJN6,Gimme! Gimme! Gimme! (A Man After Midnight),Voulez-Vous,ABBA,c826994196274eef984920f598cf3657,2023-09-05T01:28:25Z,For the boys ,4de5d3c13914497c8bfc85b5cfcf18ec,No
spotify:track:4ycLiPVzE5KamivXrAzGFG,Fuck You,The Lady Killer,CeeLo Green,4e6be55af0ac4eefa1df0eb6f900041f,2023-09-07T18:25:33Z,,4de5d3c13914497c8bfc85b5cfcf18ec,No
spotify:track:5CtI0qwDJkDQGwXD1H1cLb,Despacito - Remix,Despacito Feat. Justin Bieber (Remix),"Luis Fonsi, Daddy Yankee, Justin Bieber",775ff65ba96c4a0aaf80c7cabb5d4c2f,2023-09-05T01:31:17Z,When I‚Äôve had enough to drink I think I know all the lyrics (even though I don‚Äôt technically ‚Äúhablo espanol‚Äù),4de5d3c13914497c8bfc85b5cfcf18ec,Yes
spotify:track:5gW5dSy3vXJxgzma4rQuzH,Make Me Feel,Dirty Computer,Janelle Mon√°e,cb2e9a92e0404f18a27f7897a58fc445,2023-09-08T14:26:16Z,,4de5d3c13914497c8bfc85b5cfcf18ec,Yes
spotify:track:5Hyr47BBGpvOfcykSCcaw9,"Holding Out for a Hero - From ""Footloose"" Soundtrack",Secret Dreams and Forbidden Fire,Bonnie Tyler,741b3f4d3e9d4bcaae168bee3f6f4513,2023-09-05T01:31:48Z,,4de5d3c13914497c8bfc85b5cfcf18ec,No
spotify:track:65GbQI9VDTs7vo6MJL2iJA,Coming Home,Coming Home (Deluxe),Leon Bridges,625e5ceef80e4ccc9d76b55dcbb50204,2023-09-08T00:15:32Z,,4de5d3c13914497c8bfc85b5cfcf18ec,No
spotify:track:69AsxiTVgdTCavMe5aSWPP,Truly Madly Deeply - UK Radio Edit,"Truly, Madly, Deeply","Cascada, Styles, Breeze",741b3f4d3e9d4bcaae168bee3f6f4513,2023-09-05T01:31:48Z,Absolute banger on the D floor,4de5d3c13914497c8bfc85b5cfcf18ec,No
spotify:track:6qn9YLKt13AGvpq9jfO8py,We Found Love,Talk That Talk,"Rihanna, Calvin Harris",6811e4c36dd94a059e859ad809572f37,2023-09-06T19:40:10Z,This song could bring me back from the dead ,4de5d3c13914497c8bfc85b5cfcf18ec,No
spotify:track:6x4tKaOzfNJpEJHySoiJcs,Mambo No. 5 (a Little Bit of...),A Little Bit of Mambo,Lou Bega,58afd4f15f39489cb2ecbcd7895eb2f8,2023-09-05T01:50:55Z,,4de5d3c13914497c8bfc85b5cfcf18ec,No
spotify:track:7MRyJPksH3G2cXHN8UKYzP,American Girl,Tom Petty & The Heartbreakers,Tom Petty and the Heartbreakers,775ff65ba96c4a0aaf80c7cabb5d4c2f,2023-09-05T01:31:17Z,,4de5d3c13914497c8bfc85b5cfcf18ec,Yes
spotify:track:0cITLOYn1Sv4q27zZPqlNK,Red,Red,Taylor Swift,741b3f4d3e9d4bcaae168bee3f6f4513,2023-09-13T01:05:42Z,,b39eadce4e684b0dbf322a9ece70e377,No
spotify:track:0tgBtQ0ISnMQOKorrN9HLX,Last Train Home,Sob Rock,John Mayer,625e5ceef80e4ccc9d76b55dcbb50204,2023-09-15T23:39:27Z,,b39eadce4e684b0dbf322a9ece70e377,No
spotify:track:0V3wPSX9ygBnCm8psDIegu,Anti-Hero,Midnights,Taylor Swift,4e6be55af0ac4eefa1df0eb6f900041f,2023-09-15T18:51:40Z,,b39eadce4e684b0dbf322a9ece70e377,No
spotify:track:0VpF6RLdCfPIeYRwMu4tZK,Bejeweled,Midnights (The Til Dawn Edition),Taylor Swift,cb2e9a92e0404f18a27f7897a58fc445,2023-09-13T22:31:19Z,‚ú®Ô∏è‚ú®Ô∏è‚ú®Ô∏è,b39eadce4e684b0dbf322a9ece70e377,No
spotify:track:15DeqWWQB4dcEWzJg15VrN,Our Song,Taylor Swift,Taylor Swift,c826994196274eef984920f598cf3657,2023-09-13T01:27:31Z,,b39eadce4e684b0dbf322a9ece70e377,Yes
spotify:track:1BxfuPKGuaTgP7aM0Bbdwr,Cruel Summer,Lover,Taylor Swift,6811e4c36dd94a059e859ad809572f37,2023-09-13T01:50:45Z,,b39eadce4e684b0dbf322a9ece70e377,No
spotify:track:273dCMFseLcVsoSWx59IoE,Bad Blood,1989,Taylor Swift,eb2f9064602b466fbefc1157ca5db1f5,2023-09-13T01:47:28Z,,b39eadce4e684b0dbf322a9ece70e377,No
spotify:track:2olxzvoFI9IpxqFeUv7WOX,the last great american dynasty,folklore (deluxe version),Taylor Swift,b82c715e0aef4ba990d0281b0c2118cb,2023-09-13T01:45:59Z,This is so hard UGH ,b39eadce4e684b0dbf322a9ece70e377,No
spotify:track:2R7C9dDqv1UPycvepBFziA,Superman,Speak Now (Deluxe Edition),Taylor Swift,65af0a018fc04a5aa7541314b9cd165f,2023-09-14T04:09:58Z,,b39eadce4e684b0dbf322a9ece70e377,No
spotify:track:2sC2P3BN0IXujNaaSyDmtP,Blank Space,1989 (Deluxe Edition),Taylor Swift,2fa53d8d72a24f40b3e727815750baa8,2023-09-13T00:01:26Z,,b39eadce4e684b0dbf322a9ece70e377,No
spotify:track:2Sy2oGjP5RYB4cLVoDU0Gz,Delicate - Seeb Remix,Delicate (Seeb Remix),"Taylor Swift, Seeb",741b3f4d3e9d4bcaae168bee3f6f4513,2023-09-13T01:05:42Z,,b39eadce4e684b0dbf322a9ece70e377,No
spotify:track:3bIxTsfeNMO7Nt2J3EUKrA,22,Red (Deluxe Edition),Taylor Swift,775ff65ba96c4a0aaf80c7cabb5d4c2f,2023-09-13T02:01:55Z,,b39eadce4e684b0dbf322a9ece70e377,Yes
spotify:track:3GCL1PydwsLodcpv0Ll1ch,You Belong With Me,Fearless,Taylor Swift,96ecf97c69024d27b8c8a45b1c59cb86,2023-09-14T04:49:44Z,,b39eadce4e684b0dbf322a9ece70e377,No
spotify:track:3hUxzQpSfdDqwM3ZTFQY0K,august,folklore,Taylor Swift,a0e1625f68f2420c806bc57a00ccd519,2023-09-13T00:07:45Z,,b39eadce4e684b0dbf322a9ece70e377,No
spotify:track:3zwMVvkBe2qIKDObWgXw4N,right where you left me - bonus track,evermore (deluxe version),Taylor Swift,b82c715e0aef4ba990d0281b0c2118cb,2023-09-13T01:45:59Z,,b39eadce4e684b0dbf322a9ece70e377,No
spotify:track:4h0EXpatqJImv4VRgvX6po,Last Kiss,Speak Now,Taylor Swift,65af0a018fc04a5aa7541314b9cd165f,2023-09-14T04:09:58Z,,b39eadce4e684b0dbf322a9ece70e377,No
spotify:track:4lIxdJw6W3Fg4vUIYCB0S5,Style,1989,Taylor Swift,775ff65ba96c4a0aaf80c7cabb5d4c2f,2023-09-13T02:01:55Z,,b39eadce4e684b0dbf322a9ece70e377,Yes
spotify:track:4pvb0WLRcMtbPGmtejJJ6y,exile (feat. Bon Iver),folklore,"Taylor Swift, Bon Iver",eb2f9064602b466fbefc1157ca5db1f5,2023-09-13T01:47:28Z,,b39eadce4e684b0dbf322a9ece70e377,No
spotify:track:5enxwA8aAbwZbf5qCHORXi,All Too Well (10 Minute Version) (Taylor's Version) (From The Vault),Red (Taylor's Version),Taylor Swift,6811e4c36dd94a059e859ad809572f37,2023-09-13T01:50:45Z,,b39eadce4e684b0dbf322a9ece70e377,No
spotify:track:5OndtwLGA9O6XHFcGm2H7r,Out Of The Woods,1989,Taylor Swift,a0e1625f68f2420c806bc57a00ccd519,2023-09-13T00:07:45Z,,b39eadce4e684b0dbf322a9ece70e377,No
spotify:track:5xTtaWoae3wi06K5WfVUUH,Shake It Off,1989,Taylor Swift,f30a735fd60b474284553995aa9768f1,2023-09-13T13:53:32Z,,b39eadce4e684b0dbf322a9ece70e377,No
spotify:track:6d9IiDcFxtFVIvt9pCqyGH,Sparks Fly,Speak Now,Taylor Swift,2fa53d8d72a24f40b3e727815750baa8,2023-09-13T00:01:26Z,,b39eadce4e684b0dbf322a9ece70e377,No
spotify:track:6qn9YLKt13AGvpq9jfO8py,We Found Love,Talk That Talk,"Rihanna, Calvin Harris",625e5ceef80e4ccc9d76b55dcbb50204,2023-09-15T23:39:27Z,,b39eadce4e684b0dbf322a9ece70e377,No
spotify:track:6RRNNciQGZEXnqk8SQ9yv5,You Need To Calm Down,Lover,Taylor Swift,4e6be55af0ac4eefa1df0eb6f900041f,2023-09-15T18:51:40Z,,b39eadce4e684b0dbf322a9ece70e377,No
spotify:track:6rZVy6FIG7lSJQMFXHo12z,New Romantics,1989 (Deluxe Edition),Taylor Swift,cb2e9a92e0404f18a27f7897a58fc445,2023-09-13T22:31:19Z,,b39eadce4e684b0dbf322a9ece70e377,No
spotify:track:6VsvKPJ4xjVNKpI8VVZ3SV,invisible string,folklore,Taylor Swift,58afd4f15f39489cb2ecbcd7895eb2f8,2023-09-13T01:44:01Z,,b39eadce4e684b0dbf322a9ece70e377,No
spotify:track:6YvqWjhGD8mB5QXcbcUKtx,Love Story (Taylor‚Äôs Version),Fearless (Taylor's Version),Taylor Swift,c826994196274eef984920f598cf3657,2023-09-13T01:27:31Z,,b39eadce4e684b0dbf322a9ece70e377,Yes
spotify:track:7AEAGTc8cReDqcbPoY9gwo,We Are Never Ever Getting Back Together,Red,Taylor Swift,96ecf97c69024d27b8c8a45b1c59cb86,2023-09-14T04:49:44Z,,b39eadce4e684b0dbf322a9ece70e377,No
spotify:track:7KokYm8cMIXCsGVmUvKtqf,Karma,Midnights,Taylor Swift,58afd4f15f39489cb2ecbcd7895eb2f8,2023-09-13T01:44:01Z,,b39eadce4e684b0dbf322a9ece70e377,No
spotify:track:7zMcNqs55Mxer82bvZFkpg,Teardrops On My Guitar - Radio Single Remix,Taylor Swift,Taylor Swift,f30a735fd60b474284553995aa9768f1,2023-09-13T13:53:32Z,,b39eadce4e684b0dbf322a9ece70e377,No
spotify:track:0ApIlfcdY0hVdVEVUyS2Zf,Truly Madly Deeply - Recorded at Spotify Studios NYC,Spotify Singles,Yoke Lore,741b3f4d3e9d4bcaae168bee3f6f4513,2023-09-20T01:44:31Z,,ce5f7e72fdcc4e3ba92bcabc78f44e2d,No
spotify:track:0fCwTrRNfoNk962ati8n2K,All Your'n,Country Squire,Tyler Childers,b82c715e0aef4ba990d0281b0c2118cb,2023-09-23T15:53:08Z,,ce5f7e72fdcc4e3ba92bcabc78f44e2d,No
spotify:track:0VF21fEzB6OszZcJlKzyg5,Holy Thursday,Song Of Innocence,David Axelrod,f30a735fd60b474284553995aa9768f1,2023-09-22T15:38:59Z,Name the Lil Wayne song that sampled this‚Ä¶,ce5f7e72fdcc4e3ba92bcabc78f44e2d,Yes
spotify:track:124DjfCOxrqEXpHD04Hk8i,Preservation,Preservation,"Wu-Tang Clan, Del The Funky Homosapien, Aesop Rock",96ecf97c69024d27b8c8a45b1c59cb86,2023-09-22T15:39:22Z,,ce5f7e72fdcc4e3ba92bcabc78f44e2d,No
spotify:track:19avEBBpEamvTgi4TNC4ha,Hannah Hannah,Big Seven,Pr√≥xima Parada,c826994196274eef984920f598cf3657,2023-09-23T18:40:02Z,,ce5f7e72fdcc4e3ba92bcabc78f44e2d,No
spotify:track:1FhP3mymDoN2hX5p57uTnu,Come on Home,Horizon Unlimited,The Lijadu Sisters,a0e1625f68f2420c806bc57a00ccd519,2023-09-21T03:57:50Z,,ce5f7e72fdcc4e3ba92bcabc78f44e2d,No
spotify:track:22tdWtY0NI1K5iazOlMspW,King of the World,The Lion's Roar,First Aid Kit,eb2f9064602b466fbefc1157ca5db1f5,2023-09-20T00:37:10Z,,ce5f7e72fdcc4e3ba92bcabc78f44e2d,No
spotify:track:2kjdWC3cn0xYJ3Hg8Wo6DR,Hell N Back - Sped Up,Hell N Back (Sped Up),"Bakar, sped up + slowed",775ff65ba96c4a0aaf80c7cabb5d4c2f,2023-09-23T14:30:30Z,She had green eyes like Mountain Dew üéµ,ce5f7e72fdcc4e3ba92bcabc78f44e2d,Yes
spotify:track:2La21GqU4fKTQLcfLxTeoz,Agitations tropicales,Odyss√©e - EP,L'Imp√©ratrice,96ecf97c69024d27b8c8a45b1c59cb86,2023-09-22T15:39:22Z,,ce5f7e72fdcc4e3ba92bcabc78f44e2d,No
spotify:track:2v2AOth8yZhDLNYLwp7Rrk,Slippery People (Live) - 2023 Remaster,Stop Making Sense (Deluxe Edition) [Live],Talking Heads,f30a735fd60b474284553995aa9768f1,2023-09-22T15:38:59Z,"Fantastic live concert‚Ä¶ 

Although The best video from that show is ‚Äúlife during wartime‚Äù

Cocaine much?  https://youtu.be/v0DpBnUznd0?si=pYMOwUsvberiB1D4",ce5f7e72fdcc4e3ba92bcabc78f44e2d,Yes
spotify:track:2Xr1dTzJee307rmrkt8c0g,love nwantiti (ah ah ah),CKay The First,CKay,cb2e9a92e0404f18a27f7897a58fc445,2023-09-20T22:08:52Z,,ce5f7e72fdcc4e3ba92bcabc78f44e2d,No
spotify:track:2XXZOjvs2DkbTDI70tINQP,Sabali - Miike Snow Remix,Remixes,"Amadou & Mariam, Miike Snow",775ff65ba96c4a0aaf80c7cabb5d4c2f,2023-09-23T14:30:30Z,,ce5f7e72fdcc4e3ba92bcabc78f44e2d,Yes
spotify:track:34iHUnhp0sZXdnpQLP43PI,He's Fine,You Don't Own Me Anymore,The Secret Sisters,c826994196274eef984920f598cf3657,2023-09-23T18:40:02Z,,ce5f7e72fdcc4e3ba92bcabc78f44e2d,No
spotify:track:3lPr8ghNDBLc2uZovNyLs9,Supermassive Black Hole,Black Holes and Revelations,Muse,58afd4f15f39489cb2ecbcd7895eb2f8,2023-09-22T17:41:54Z,,ce5f7e72fdcc4e3ba92bcabc78f44e2d,No
spotify:track:3xKsf9qdS1CyvXSMEid6g8,Pink + White,Blonde,Frank Ocean,625e5ceef80e4ccc9d76b55dcbb50204,2023-09-23T00:02:39Z,,ce5f7e72fdcc4e3ba92bcabc78f44e2d,No
spotify:track:4hh1lvWiUaLMOcVXhyK6TA,Dear To Me,Plural,Electric Guest,741b3f4d3e9d4bcaae168bee3f6f4513,2023-09-20T01:44:31Z,,ce5f7e72fdcc4e3ba92bcabc78f44e2d,No
spotify:track:4xQMFoD33vx6stB1UzfA6s,Eye Know,3 Feet High and Rising,"De La Soul, Otis Redding",2fa53d8d72a24f40b3e727815750baa8,2023-09-20T04:43:37Z,,ce5f7e72fdcc4e3ba92bcabc78f44e2d,No
spotify:track:5ITo0Il1GL376VHywWD7xr,Keep On,Joy,Jackie Venson,65af0a018fc04a5aa7541314b9cd165f,2023-09-23T15:39:13Z,,ce5f7e72fdcc4e3ba92bcabc78f44e2d,No
spotify:track:5JX6gZ5mOASumPrU1JbfbV,Pristine,Lush,Snail Mail,58afd4f15f39489cb2ecbcd7895eb2f8,2023-09-22T17:41:54Z,,ce5f7e72fdcc4e3ba92bcabc78f44e2d,No
spotify:track:5KE9b4x7Zj2A8XtbkqhqTe,Staring At The Sun (feat. SZA),Hollywood's Bleeding,"Post Malone, SZA",cb2e9a92e0404f18a27f7897a58fc445,2023-09-20T22:08:52Z,,ce5f7e72fdcc4e3ba92bcabc78f44e2d,No
spotify:track:5nFxn6JRTRISJNHF52pXPF,Powder Blue / Cascine Park,EP III,Yumi Zouma,2fa53d8d72a24f40b3e727815750baa8,2023-09-20T04:43:37Z,,ce5f7e72fdcc4e3ba92bcabc78f44e2d,No
spotify:track:5VUTiGp6CYP024gcbu4uE8,Rare Bird Alert,Rare Bird Alert,"Steve Martin, Steep Canyon Rangers",eb2f9064602b466fbefc1157ca5db1f5,2023-09-20T00:37:10Z,,ce5f7e72fdcc4e3ba92bcabc78f44e2d,No
spotify:track:6feLBW4q2iKBAgm5HgkCZV,You're the One for Me,Body Diamond,Great Good Fine Ok,65af0a018fc04a5aa7541314b9cd165f,2023-09-23T15:39:13Z,,ce5f7e72fdcc4e3ba92bcabc78f44e2d,No
spotify:track:6iWMI5oOhWrDbLbjmwTWFq,Wonderland,1989 (Deluxe Edition),Taylor Swift,b82c715e0aef4ba990d0281b0c2118cb,2023-09-23T15:53:08Z,Didn‚Äôt really give 1989 a chance til this year üò≥,ce5f7e72fdcc4e3ba92bcabc78f44e2d,No
spotify:track:6N5DRCQUSXT1qQqmqsO92B,Party All the Time,How Could It Be,Eddie Murphy,6811e4c36dd94a059e859ad809572f37,2023-09-20T02:28:51Z,,ce5f7e72fdcc4e3ba92bcabc78f44e2d,No
spotify:track:6Nle9hKrkL1wQpwNfEkxjh,Chanel,Chanel,Frank Ocean,625e5ceef80e4ccc9d76b55dcbb50204,2023-09-23T00:02:39Z,,ce5f7e72fdcc4e3ba92bcabc78f44e2d,No
spotify:track:7dlvd1Q6TFCDWSaS6mN9cs,The Metronome,Everything So Far,Pinegrove,a0e1625f68f2420c806bc57a00ccd519,2023-09-21T03:57:50Z,,ce5f7e72fdcc4e3ba92bcabc78f44e2d,No
spotify:track:7sxiJ4a8uROYMvhkgGbQcK,Good as Gold,Good as Gold,Greyson Chance,6811e4c36dd94a059e859ad809572f37,2023-09-20T02:28:51Z,,ce5f7e72fdcc4e3ba92bcabc78f44e2d,No
spotify:track:00IrSynHsun7DpDrLkRIjM,The Boy In the Bubble,Graceland (25th Anniversary Deluxe Edition),Paul Simon,eb2f9064602b466fbefc1157ca5db1f5,2023-09-30T14:57:06Z,,358b074bc0ba444f8542049135504705,No
spotify:track:0aGQHMr7bc23Y9Ts84ffop,Around the World,Californication (Deluxe Edition),Red Hot Chili Peppers,f30a735fd60b474284553995aa9768f1,2023-09-30T22:57:30Z,,358b074bc0ba444f8542049135504705,No
spotify:track:0QeI79sp1vS8L3JgpEO7mD,Let's Go Crazy,Purple Rain,Prince,65af0a018fc04a5aa7541314b9cd165f,2023-09-28T23:27:37Z,,358b074bc0ba444f8542049135504705,No
spotify:track:11aFVmFy8903RwDx4ohQiq,Be (Intro),Be,Common,2fa53d8d72a24f40b3e727815750baa8,2023-10-02T02:57:12Z,,358b074bc0ba444f8542049135504705,No
spotify:track:1nmZ8yqKkfooOuYvtFctDp,Heat Of The Moment,Asia,Asia,741b3f4d3e9d4bcaae168bee3f6f4513,2023-09-30T21:57:56Z,,358b074bc0ba444f8542049135504705,No
spotify:track:24CRDgNOgA72JLL7PHFjgB,Anthem Part Two,Take Off Your Pants And Jacket,blink-182,775ff65ba96c4a0aaf80c7cabb5d4c2f,2023-09-29T15:37:55Z,,358b074bc0ba444f8542049135504705,No
spotify:track:2EqlS6tkEnglzr7tkKAAYD,Come Together - Remastered 2009,Abbey Road (Remastered),The Beatles,f30a735fd60b474284553995aa9768f1,2023-09-30T22:57:30Z,,358b074bc0ba444f8542049135504705,No
spotify:track:2Iqdun0CJawDkc3NBUrbdA,Otherside,No Shape,Perfume Genius,a0e1625f68f2420c806bc57a00ccd519,2023-09-30T03:56:07Z,,358b074bc0ba444f8542049135504705,No
spotify:track:3bHnoz2pfij19QUDhoLrcy,Baba O'Riley - Remastered 2022,Who's Next (Remastered 2022),The Who,775ff65ba96c4a0aaf80c7cabb5d4c2f,2023-09-29T15:37:55Z,,358b074bc0ba444f8542049135504705,No
spotify:track:3DHuFJY6nkvGiS0h4V2U35,And She Was - 2005 Remaster,Little Creatures (Deluxe Version),Talking Heads,58afd4f15f39489cb2ecbcd7895eb2f8,2023-10-02T02:19:22Z,,358b074bc0ba444f8542049135504705,No
spotify:track:3JsA2sWDNR9oQogGAzqqtH,Open,Woman,Rhye,96ecf97c69024d27b8c8a45b1c59cb86,2023-09-30T02:29:35Z,,358b074bc0ba444f8542049135504705,No
spotify:track:4IImhhRBjQH3xB0ABrRrTK,The Mother We Share,The Bones of What You Believe (Special Edition),CHVRCHES,741b3f4d3e9d4bcaae168bee3f6f4513,2023-09-30T21:57:56Z,,358b074bc0ba444f8542049135504705,No
spotify:track:4TTV7EcfroSLWzXRY6gLv6,Alexander Hamilton,Hamilton (Original Broadway Cast Recording),"Leslie Odom Jr., Daveed Diggs, Okieriete Onaodowan, Lin-Manuel Miranda, Phillipa Soo, Christopher Jackson, Original Broadway Cast of Hamilton, Anthony Ramos",c826994196274eef984920f598cf3657,2023-10-01T21:24:40Z,,358b074bc0ba444f8542049135504705,No
spotify:track:55qBw1900pZKfXJ6Q9A2Lc,Teenage Dream,Teenage Dream: The Complete Confection,Katy Perry,cb2e9a92e0404f18a27f7897a58fc445,2023-09-28T02:42:35Z,,358b074bc0ba444f8542049135504705,No
spotify:track:57iDDD9N9tTWe75x6qhStw,Bitter Sweet Symphony - Remastered 2016,Urban Hymns (Remastered 2016),The Verve,65af0a018fc04a5aa7541314b9cd165f,2023-09-28T23:27:37Z,,358b074bc0ba444f8542049135504705,No
spotify:track:5IVuqXILoxVWvWEPm82Jxr,Crazy In Love (feat. Jay-Z),Dangerously In Love,"Beyonc√©, JAY-Z",a0e1625f68f2420c806bc57a00ccd519,2023-09-30T03:56:07Z,,358b074bc0ba444f8542049135504705,No
spotify:track:5LYMamLv12UPbemOaTPyeV,Music For a Sushi Restaurant,Harry's House,Harry Styles,c826994196274eef984920f598cf3657,2023-10-01T21:24:40Z,,358b074bc0ba444f8542049135504705,No
spotify:track:62PaSfnXSMyLshYJrlTuL3,Hello,25,Adele,6811e4c36dd94a059e859ad809572f37,2023-09-27T21:09:43Z,,358b074bc0ba444f8542049135504705,No
spotify:track:65GbQI9VDTs7vo6MJL2iJA,Coming Home,Coming Home (Deluxe),Leon Bridges,96ecf97c69024d27b8c8a45b1c59cb86,2023-09-30T02:29:35Z,,358b074bc0ba444f8542049135504705,No
spotify:track:6tsojOQ5wHaIjKqIryLZK6,All My Life,One By One (Expanded Edition),Foo Fighters,6811e4c36dd94a059e859ad809572f37,2023-09-27T21:09:43Z,,358b074bc0ba444f8542049135504705,No
spotify:track:72Z17vmmeQKAg8bptWvpVG,Space Oddity - 2015 Remaster,David Bowie (aka Space Oddity) [2015 Remaster],David Bowie,b82c715e0aef4ba990d0281b0c2118cb,2023-10-01T16:46:49Z,,358b074bc0ba444f8542049135504705,No
spotify:track:73uJybGAhwGRD9MZYrOmTY,Death with Dignity,Carrie & Lowell,Sufjan Stevens,b82c715e0aef4ba990d0281b0c2118cb,2023-10-01T16:46:49Z,,358b074bc0ba444f8542049135504705,No
spotify:track:74fpNVAJrKGQuqHETi4WSt,Tennis Court,Pure Heroine,Lorde,cb2e9a92e0404f18a27f7897a58fc445,2023-09-28T02:42:35Z,,358b074bc0ba444f8542049135504705,No
spotify:track:78Gzxi27GuNHTfkn2BylG4,What Ever Happened?,Room On Fire,The Strokes,2fa53d8d72a24f40b3e727815750baa8,2023-10-02T02:57:12Z,,358b074bc0ba444f8542049135504705,No
spotify:track:7Gi8kaILAUgjYqgdee9410,3rd Planet,The Moon & Antarctica,Modest Mouse,58afd4f15f39489cb2ecbcd7895eb2f8,2023-10-02T02:19:22Z,,358b074bc0ba444f8542049135504705,No
spotify:track:7rLDARtJALM7QdiJDMXW7m,Pray You Catch Me,Lemonade,Beyonc√©,eb2f9064602b466fbefc1157ca5db1f5,2023-09-30T14:57:06Z,,358b074bc0ba444f8542049135504705,No
spotify:track:0KtzMx1GbkkPyA2TQceHoM,Just A Memory,A Moment Apart,"ODESZA, Regina Spektor",c826994196274eef984920f598cf3657,2023-10-07T14:46:11Z,,070a35e5ad9d4491ad0691f4f8641ab5,No
spotify:track:0TLAptKgYxe7F0KewWH6X6,I Need A Forest Fire,The Colour In Anything,"James Blake, Bon Iver",96ecf97c69024d27b8c8a45b1c59cb86,2023-10-07T13:02:40Z,,070a35e5ad9d4491ad0691f4f8641ab5,No
spotify:track:0ZpBPavoID3eDbaXKSWpAD,Friends (feat. Bon Iver),"Farewell, Starlite!","Francis and the Lights, Bon Iver",65af0a018fc04a5aa7541314b9cd165f,2023-10-05T03:37:49Z,,070a35e5ad9d4491ad0691f4f8641ab5,No
spotify:track:1aJrVsHwcQMZ8TZ6mlvT5J,A Real Hero,A Real Hero EP,College & Electric Youth,65af0a018fc04a5aa7541314b9cd165f,2023-10-05T03:37:49Z,,070a35e5ad9d4491ad0691f4f8641ab5,No
spotify:track:1y4Kln6VEjQMpmHW7j9GeY,Cut Your Teeth - Kygo Remix,Cut Your Teeth (Kygo Remix),"Kyla La Grange, Kygo",741b3f4d3e9d4bcaae168bee3f6f4513,2023-10-07T14:48:42Z,Im kygos #1 fan,070a35e5ad9d4491ad0691f4f8641ab5,No
spotify:track:1ydOxBgLmEMfWffu6t4H5x,Bad,"Love, me",Lennon Stella,6811e4c36dd94a059e859ad809572f37,2023-10-05T02:19:00Z,,070a35e5ad9d4491ad0691f4f8641ab5,No
spotify:track:2dpaYNEQHiRxtZbfNsse99,Happier,Happier,"Marshmello, Bastille",cb2e9a92e0404f18a27f7897a58fc445,2023-10-05T03:50:35Z,,070a35e5ad9d4491ad0691f4f8641ab5,No
spotify:track:2eAZfqOm4EnOF9VvN50Tyc,The Way Life Goes (feat. Oh Wonder),Luv Is Rage 2,"Lil Uzi Vert, Oh Wonder",775ff65ba96c4a0aaf80c7cabb5d4c2f,2023-10-05T00:36:30Z,,070a35e5ad9d4491ad0691f4f8641ab5,No
spotify:track:2gHAEHsJZFOUip28cItP2o,Fake It,Ghosts of Youth,Wingtip,775ff65ba96c4a0aaf80c7cabb5d4c2f,2023-10-05T00:36:30Z,,070a35e5ad9d4491ad0691f4f8641ab5,No
spotify:track:2I0Q1wxFRdnDYtG6Q8W47S,Winterbreak - Ti√´sto's Deep House Remix,Winterbreak (Ti√´sto's Deep House Remix),"MUNA, Ti√´sto",2fa53d8d72a24f40b3e727815750baa8,2023-10-06T05:33:59Z,,070a35e5ad9d4491ad0691f4f8641ab5,No
spotify:track:2IqjKEBiz0CdLKdkXhxw84,Retrograde,Overgrown,James Blake,f30a735fd60b474284553995aa9768f1,2023-10-07T21:45:43Z,,070a35e5ad9d4491ad0691f4f8641ab5,No
spotify:track:2knqkEk6n1jcMl3PzXGjpZ,Var√∞eldur,Valtari,Sigur R√≥s,96ecf97c69024d27b8c8a45b1c59cb86,2023-10-07T13:02:40Z,"Go on, try not to cry (although don‚Äôt know if I‚Äôd call this emo-electronic‚Ä¶ soz) ",070a35e5ad9d4491ad0691f4f8641ab5,No
spotify:track:35KiiILklye1JRRctaLUb4,Holocene,Bon Iver,Bon Iver,c826994196274eef984920f598cf3657,2023-10-07T14:46:11Z,,070a35e5ad9d4491ad0691f4f8641ab5,No
spotify:track:4fLfKKoIWroefEjqpMDid7,715 - CR‚àë‚àëKS,"22, A Million",Bon Iver,58afd4f15f39489cb2ecbcd7895eb2f8,2023-10-07T14:45:29Z,,070a35e5ad9d4491ad0691f4f8641ab5,No
spotify:track:4V0x90QcMh4ZxwHzEWOdtK,Feel It All Around,Life of Leisure,Washed Out,b82c715e0aef4ba990d0281b0c2118cb,2023-10-07T23:22:10Z,,070a35e5ad9d4491ad0691f4f8641ab5,No
spotify:track:5Stwb06dO1AK8pyTZjGbbj,Float,FTSE I,"FTSE, Kenzie May",f30a735fd60b474284553995aa9768f1,2023-10-07T21:45:43Z,,070a35e5ad9d4491ad0691f4f8641ab5,No
spotify:track:60KqmTYKZzSElJidL2U2o1,Amor Fati,Within and Without,Washed Out,58afd4f15f39489cb2ecbcd7895eb2f8,2023-10-07T14:45:29Z,,070a35e5ad9d4491ad0691f4f8641ab5,No
spotify:track:63Ly2sEzloc9s0yAXlMi6r,Warm Water - Snakehips Remix,Warm Water (Snakehips Remix),"BANKS, Snakehips",b82c715e0aef4ba990d0281b0c2118cb,2023-10-07T23:22:10Z,,070a35e5ad9d4491ad0691f4f8641ab5,No
spotify:track:688DZF6e1MH5Uf409dwaHm,The Wilhelm Scream,James Blake,James Blake,a0e1625f68f2420c806bc57a00ccd519,2023-10-05T01:21:40Z,,070a35e5ad9d4491ad0691f4f8641ab5,No
spotify:track:6Ao5d7TMQ92h87jQqSHGyw,Kyle (i found you),Actual Life (April 14 - December 17 2020),Fred again..,a0e1625f68f2420c806bc57a00ccd519,2023-10-05T01:21:40Z,,070a35e5ad9d4491ad0691f4f8641ab5,No
spotify:track:6b2RcmUt1g9N9mQ3CbjX2Y,How Do You Sleep?,How Do You Sleep?,Sam Smith,6811e4c36dd94a059e859ad809572f37,2023-10-05T02:19:00Z,,070a35e5ad9d4491ad0691f4f8641ab5,No
spotify:track:6kckNpuM5oXZrObLExRg6d,Road,Brightest Lights,"Lane 8, Arctic Lake",741b3f4d3e9d4bcaae168bee3f6f4513,2023-10-07T14:48:42Z,Comment so steve isnt a sad boi,070a35e5ad9d4491ad0691f4f8641ab5,No
spotify:track:6YtkPrJJi5vY0MKmKhNCYl,Fear Of Dying,Loner,Alison Wonderland,cb2e9a92e0404f18a27f7897a58fc445,2023-10-05T03:50:35Z,,070a35e5ad9d4491ad0691f4f8641ab5,No
spotify:track:7vITd7ck8l9Ww62BWpIhTY,Uncatena,Sylvan Esso,Sylvan Esso,2fa53d8d72a24f40b3e727815750baa8,2023-10-06T05:33:59Z,,070a35e5ad9d4491ad0691f4f8641ab5,No
spotify:track:08zt4rqVjqahvXaWAuEBbP,Cold Feet,Nights Like This,Loud Luxury,775ff65ba96c4a0aaf80c7cabb5d4c2f,2023-10-12T15:04:56Z,,90285f9a21d0428ab5dfe7f4cb1bc295,No
spotify:track:0eKyHwckh9vQb8ncZ2DXCs,With Arms Wide Open,Human Clay,Creed,6811e4c36dd94a059e859ad809572f37,2023-10-13T13:18:33Z,,90285f9a21d0428ab5dfe7f4cb1bc295,No
spotify:track:0k6HUzaRHpQ3eEWr1C7Esh,Ms. New Booty,Ms. New Booty,"Bubba Sparxxx, Ying Yang Twins, Mr. Collipark",6811e4c36dd94a059e859ad809572f37,2023-10-13T13:18:33Z,,90285f9a21d0428ab5dfe7f4cb1bc295,No
spotify:track:0kyZp51e1snCfUtDJlXVhq,The Man of Metropolis Steals Our Hearts,Illinois,Sufjan Stevens,58afd4f15f39489cb2ecbcd7895eb2f8,2023-10-13T15:22:37Z,,90285f9a21d0428ab5dfe7f4cb1bc295,No
spotify:track:18oWEPapjNt32E6sCM6VLb,Heads Will Roll,It's Blitz! (Deluxe Edition),Yeah Yeah Yeahs,cb2e9a92e0404f18a27f7897a58fc445,2023-10-12T17:07:19Z,,90285f9a21d0428ab5dfe7f4cb1bc295,No
spotify:track:1LoriJC05IrHIDwj3q0KC1,Hands To Myself,Revival (Deluxe),Selena Gomez,775ff65ba96c4a0aaf80c7cabb5d4c2f,2023-10-12T15:04:56Z,,90285f9a21d0428ab5dfe7f4cb1bc295,No
spotify:track:1SAkL1mYNJlaqnBQxVZrRl,Baby Got Back,Mack Daddy,Sir Mix-A-Lot,f30a735fd60b474284553995aa9768f1,2023-10-15T08:54:20Z,,90285f9a21d0428ab5dfe7f4cb1bc295,No
spotify:track:26sGJjpVXYJaM0k314Xj4K,High Waist Jeans,High Waist Jeans,Julia Wolf,65af0a018fc04a5aa7541314b9cd165f,2023-10-12T02:01:58Z,,90285f9a21d0428ab5dfe7f4cb1bc295,No
spotify:track:36DyCBroDt1FjKM7zRaEOw,Booty Man,Super Bad Sounds Of The '70s,Tim Wilson,eb2f9064602b466fbefc1157ca5db1f5,2023-10-12T01:13:32Z,,90285f9a21d0428ab5dfe7f4cb1bc295,No
spotify:track:3gbBbghO2EPcfBpeymDFeT,Strong Shoulders,Little Wind,Caroline Smith & The Good Night Sleeps,58afd4f15f39489cb2ecbcd7895eb2f8,2023-10-13T15:22:37Z,,90285f9a21d0428ab5dfe7f4cb1bc295,No
spotify:track:3QcuZo6WLcFkqqLmDs0d95,Doctor My Eyes,Jackson Browne (Saturate Before Using),Jackson Browne,96ecf97c69024d27b8c8a45b1c59cb86,2023-10-14T15:26:27Z,,90285f9a21d0428ab5dfe7f4cb1bc295,No
spotify:track:3yrSvpt2l1xhsV9Em88Pul,Brown Eyed Girl,Blowin' Your Mind!,Van Morrison,c826994196274eef984920f598cf3657,2023-10-15T20:16:32Z,,90285f9a21d0428ab5dfe7f4cb1bc295,No
spotify:track:3ZFTkvIE7kyPt6Nu3PEa7V,Hips Don't Lie (feat. Wyclef Jean),"Oral Fixation, Vol. 2 (Expanded Edition)","Shakira, Wyclef Jean",eb2f9064602b466fbefc1157ca5db1f5,2023-10-12T01:13:32Z,,90285f9a21d0428ab5dfe7f4cb1bc295,No
spotify:track:4JtbUXLuBb8C7q1x7B54ZY,In Her Eyes,In Her Eyes,The Jungle Giants,96ecf97c69024d27b8c8a45b1c59cb86,2023-10-14T15:26:27Z,,90285f9a21d0428ab5dfe7f4cb1bc295,No
spotify:track:4KacUpvbA3Mfo05gttTjhN,Fat Lip,"All Killer, No Filler",Sum 41,2fa53d8d72a24f40b3e727815750baa8,2023-10-15T23:07:25Z,"Doctor said my mom shoulda had an abortion
Bortion
Bortion
Bortion
Bortion",90285f9a21d0428ab5dfe7f4cb1bc295,No
spotify:track:5AwS3yu3w9BT2eHBMnFDLc,Cheated Hearts,Show Your Bones,Yeah Yeah Yeahs,2fa53d8d72a24f40b3e727815750baa8,2023-10-15T23:07:25Z,,90285f9a21d0428ab5dfe7f4cb1bc295,No
spotify:track:5mCprFWOqe0jB96v9RhLBo,Tongues,How Do You Feel Now?,"Joywave, KOPPS",741b3f4d3e9d4bcaae168bee3f6f4513,2023-10-13T16:25:18Z,Funky guy,90285f9a21d0428ab5dfe7f4cb1bc295,No
spotify:track:5r29mFrurlVBbqJzjr2XW6,"My Neck, My Back (Lick It)",Thug Misses (Digitally Remastered),Khia,f30a735fd60b474284553995aa9768f1,2023-10-15T08:54:20Z,,90285f9a21d0428ab5dfe7f4cb1bc295,No
spotify:track:5sgNtgSoWoglhcKPOiIY6j,"My Neck, My Back - Live",The Elle King EP,Elle King,cb2e9a92e0404f18a27f7897a58fc445,2023-10-12T17:07:19Z,The best cover of this song imoüíÖ,90285f9a21d0428ab5dfe7f4cb1bc295,No
spotify:track:6ft9PAgNOjmZ2kFVP7LGqb,Can't Take My Eyes off You,The Very Best of Frankie Valli & The 4 Seasons,Frankie Valli,b82c715e0aef4ba990d0281b0c2118cb,2023-10-13T13:09:07Z,,90285f9a21d0428ab5dfe7f4cb1bc295,No
spotify:track:6VPmuKRODPVBazkpPRUgK5,Heart Cooks Brain,The Lonesome Crowded West,Modest Mouse,741b3f4d3e9d4bcaae168bee3f6f4513,2023-10-13T16:25:18Z,"Love the yelling vs soft in the song, theres a lesson there",90285f9a21d0428ab5dfe7f4cb1bc295,No
spotify:track:75Y8OgF0HypPrCKcbYu3no,Two Hands,Two Hands,Big Thief,a0e1625f68f2420c806bc57a00ccd519,2023-10-14T02:42:39Z,,90285f9a21d0428ab5dfe7f4cb1bc295,No
spotify:track:78JKJfKsqgeBDBF58gv1SF,Hands on the Wheel (feat. Asap Rocky),Habits & Contradictions,"ScHoolboy Q, A$AP Rocky",65af0a018fc04a5aa7541314b9cd165f,2023-10-12T02:01:58Z,,90285f9a21d0428ab5dfe7f4cb1bc295,No
spotify:track:7fWFqVCqWk6tUvN7QPtAgN,Head over Feet,The Collection (Standard Edition),Alanis Morissette,b82c715e0aef4ba990d0281b0c2118cb,2023-10-13T13:09:07Z,,90285f9a21d0428ab5dfe7f4cb1bc295,No
spotify:track:7hDVYcQq6MxkdJGweuCtl9,ocean eyes,dont smile at me,Billie Eilish,c826994196274eef984920f598cf3657,2023-10-15T20:16:32Z,,90285f9a21d0428ab5dfe7f4cb1bc295,No
spotify:track:7k9L8N0jZcz9qFupVeI4Va,I disappear in your arms - bonus,La vita nuova,Christine and the Queens,a0e1625f68f2420c806bc57a00ccd519,2023-10-14T02:42:39Z,,90285f9a21d0428ab5dfe7f4cb1bc295,No
spotify:track:02YbvgsXapCh9MLTrU11Ts,New Halloween,Stage Four (Deluxe Edition),Touch√© Amor√©,f880f25dfd824ab789d2dc58da6063dd,2023-10-22T23:17:14Z,,47a5afeee0314bf88f452eab7f7c5eca,No
spotify:track:0COqiPhxzoWICwFCS4eZcp,Bring Me To Life,Fallen,Evanescence,2fa53d8d72a24f40b3e727815750baa8,2023-10-23T03:55:26Z,,47a5afeee0314bf88f452eab7f7c5eca,Yes
spotify:track:0DSUmQ49MgUyV0vAG2yidb,The Ghost on the Shore,Lonesome Dreams (Bonus Track Version),Lord Huron,eb2f9064602b466fbefc1157ca5db1f5,2023-10-20T20:27:39Z,,47a5afeee0314bf88f452eab7f7c5eca,No
spotify:track:0lfltaeMZrStUmUdiwqdau,Monster Mash (Remix),Monster Mash (Remix),"Carmella Creeper, DJ Carmella Creeper",6811e4c36dd94a059e859ad809572f37,2023-10-20T18:22:57Z,Shoutout to General Mills‚Äô newest female monster Carmella Creeper spinning this track,47a5afeee0314bf88f452eab7f7c5eca,No
spotify:track:0mQU3EuOIqMpRg4qbXDxda,Witchcraft,"PetroDragonic Apocalypse; or, Dawn of Eternal Night: An Annihilation of Planet Earth and the Beginning of Merciless Damnation",King Gizzard & The Lizard Wizard,f880f25dfd824ab789d2dc58da6063dd,2023-10-22T23:17:14Z,,47a5afeee0314bf88f452eab7f7c5eca,No
spotify:track:0sjxRg1VlYfx4YG7uxurrq,I Put A Spell On You,I Put A Spell On You,Nina Simone,f30a735fd60b474284553995aa9768f1,2023-10-23T05:06:55Z,,47a5afeee0314bf88f452eab7f7c5eca,No
spotify:track:0U0ldCRmgCqhVvD6ksG63j,Nightcall,Nightcall,Kavinsky,741b3f4d3e9d4bcaae168bee3f6f4513,2023-10-20T02:07:27Z,,47a5afeee0314bf88f452eab7f7c5eca,No
spotify:track:0xxZY5C9xxij3D1HkzbnfC,Monster Mash,The Original Monster Mash,"Bobby ""Boris"" Pickett, The Crypt-Kickers",58afd4f15f39489cb2ecbcd7895eb2f8,2023-10-20T12:16:42Z,,47a5afeee0314bf88f452eab7f7c5eca,No
spotify:track:14Vua5sMxKiPDcRS5pmoYW,My Body's a Zombie For You,Dead Man's Bones,Dead Man's Bones,65af0a018fc04a5aa7541314b9cd165f,2023-10-21T04:42:05Z,,47a5afeee0314bf88f452eab7f7c5eca,No
spotify:track:1h2xVEoJORqrg71HocgqXd,Superstition - Single Version,The Definitive Collection,Stevie Wonder,a0e1625f68f2420c806bc57a00ccd519,2023-10-20T05:34:50Z,,47a5afeee0314bf88f452eab7f7c5eca,No
spotify:track:1i6N76fftMZhijOzFQ5ZtL,Psycho Killer - 2005 Remaster,Talking Heads '77 (Deluxe Version),Talking Heads,b82c715e0aef4ba990d0281b0c2118cb,2023-10-23T13:00:25Z,,47a5afeee0314bf88f452eab7f7c5eca,No
spotify:track:1ZHYJ2Wwgxes4m8Ba88PeK,Monster,My Beautiful Dark Twisted Fantasy,"Kanye West, JAY-Z, Rick Ross, Nicki Minaj, Bon Iver",a0e1625f68f2420c806bc57a00ccd519,2023-10-20T05:34:50Z,,47a5afeee0314bf88f452eab7f7c5eca,No
spotify:track:2GDxR0ZGYqDQUElSQxBiNS,Halloween,Punisher,Phoebe Bridgers,eb2f9064602b466fbefc1157ca5db1f5,2023-10-20T20:27:39Z,,47a5afeee0314bf88f452eab7f7c5eca,No
spotify:track:2iArBaPMafWePu1OCPVcqf,Masquerade,Masquerade,Sleeping At Last,cb2e9a92e0404f18a27f7897a58fc445,2023-10-20T14:44:30Z,,47a5afeee0314bf88f452eab7f7c5eca,No
spotify:track:2VOomzT6VavJOGBeySqaMc,Disturbia,Good Girl Gone Bad: Reloaded,Rihanna,741b3f4d3e9d4bcaae168bee3f6f4513,2023-10-20T02:07:27Z,,47a5afeee0314bf88f452eab7f7c5eca,No
spotify:track:36ux3YuUsGTWPT8fXclS45,E.T.,Teenage Dream: The Complete Confection,"Katy Perry, Kanye West",6811e4c36dd94a059e859ad809572f37,2023-10-20T18:22:57Z,,47a5afeee0314bf88f452eab7f7c5eca,No
spotify:track:3O30ywyRk6EKT68sBvVqOP,Hollywood Forever Cemetery Sings,Fear Fun,Father John Misty,96ecf97c69024d27b8c8a45b1c59cb86,2023-10-23T00:13:00Z,,47a5afeee0314bf88f452eab7f7c5eca,No
spotify:track:3S2R0EVwBSAVMd5UMgKTL0,Thriller,Thriller 25 Super Deluxe Edition,Michael Jackson,775ff65ba96c4a0aaf80c7cabb5d4c2f,2023-10-20T21:33:15Z,,47a5afeee0314bf88f452eab7f7c5eca,No
spotify:track:3TljdWrXAgrEnyU00PM6CQ,Ghosts 'n' Stuff,For Lack of a Better Name,deadmau5,775ff65ba96c4a0aaf80c7cabb5d4c2f,2023-10-20T21:33:15Z,,47a5afeee0314bf88f452eab7f7c5eca,No
spotify:track:48RrDBpOSSl1aLVCalGl5C,The Monster,The Marshall Mathers LP2,"Eminem, Rihanna",cb2e9a92e0404f18a27f7897a58fc445,2023-10-20T14:44:30Z,,47a5afeee0314bf88f452eab7f7c5eca,No
spotify:track:4cS2HQ6jK80vqdY9ofpztx,She Wolf,She Wolf (Expanded Edition),Shakira,c826994196274eef984920f598cf3657,2023-10-20T02:23:13Z,,47a5afeee0314bf88f452eab7f7c5eca,No
spotify:track:4nmne9J3YCEdhvjTzwiAgu,Black Magic Woman,Ultimate Santana,Santana,96ecf97c69024d27b8c8a45b1c59cb86,2023-10-23T00:13:00Z,,47a5afeee0314bf88f452eab7f7c5eca,No
spotify:track:4RYwE31p4KflK1h7J7m1Yt,Spooky (Single Version),Love Songs,Dusty Springfield,f30a735fd60b474284553995aa9768f1,2023-10-23T05:06:55Z,,47a5afeee0314bf88f452eab7f7c5eca,No
spotify:track:4SSnFejRGlZikf02HLewEF,bury a friend,"WHEN WE ALL FALL ASLEEP, WHERE DO WE GO?",Billie Eilish,c826994196274eef984920f598cf3657,2023-10-20T02:23:13Z,,47a5afeee0314bf88f452eab7f7c5eca,No
spotify:track:5U43AFyp6GyXm58h4uVt2L,I Put a Spell on You (In the Style of Hocus Pocus),Into the Night (A Hocus Pocus Collection),PattyCake,b82c715e0aef4ba990d0281b0c2118cb,2023-10-23T13:00:25Z,,47a5afeee0314bf88f452eab7f7c5eca,No
spotify:track:72T5smavl9ONfOwI0gHf1A,You're Dead,Walkin' My Cat Named Dog,Norma Tanega,65af0a018fc04a5aa7541314b9cd165f,2023-10-21T04:42:05Z,,47a5afeee0314bf88f452eab7f7c5eca,No
spotify:track:7eRU0RltchvgOTSbX6vmdv,666  á,"22, A Million",Bon Iver,2fa53d8d72a24f40b3e727815750baa8,2023-10-23T03:55:26Z,,47a5afeee0314bf88f452eab7f7c5eca,Yes
spotify:track:7EZC6E7UjZe63f1jRmkWxt,Zombie,No Need To Argue (The Complete Sessions 1994-1995),The Cranberries,58afd4f15f39489cb2ecbcd7895eb2f8,2023-10-20T12:16:42Z,,47a5afeee0314bf88f452eab7f7c5eca,No
spotify:track:00Mb3DuaIH1kjrwOku9CGU,Sk8er Boi,Let Go,Avril Lavigne,c826994196274eef984920f598cf3657,2023-10-27T17:38:47Z,,afdba24cd5ab4f249602c5b2467a5e42,No
spotify:track:0COqiPhxzoWICwFCS4eZcp,Bring Me To Life,Fallen,Evanescence,6811e4c36dd94a059e859ad809572f37,2023-10-27T18:40:15Z,,afdba24cd5ab4f249602c5b2467a5e42,No
spotify:track:0LzrhCZFXW94Y8nwtTuRlw,Hollaback Girl,Love Angel Music Baby (Deluxe Version),Gwen Stefani,775ff65ba96c4a0aaf80c7cabb5d4c2f,2023-10-27T18:32:54Z,,afdba24cd5ab4f249602c5b2467a5e42,No
spotify:track:0wQKKPy050lguUxlKvHIi5,Smile,Blue Weekend,Wolf Alice,a0e1625f68f2420c806bc57a00ccd519,2023-10-27T17:52:59Z,,afdba24cd5ab4f249602c5b2467a5e42,No
spotify:track:0Z7b5GlC70FAES1YduhhqQ,Rill Rill,Treats,Sleigh Bells,b82c715e0aef4ba990d0281b0c2118cb,2023-10-27T13:36:15Z,,afdba24cd5ab4f249602c5b2467a5e42,No
spotify:track:1ZLtE9tSJdaUiIJ9YoKHQe,Decode,Decode,Paramore,a0e1625f68f2420c806bc57a00ccd519,2023-10-27T17:52:59Z,,afdba24cd5ab4f249602c5b2467a5e42,No
spotify:track:2GOQVqZ3uVp7LKVAY1T0mk,Modern Girl,The Woods,Sleater-Kinney,eb2f9064602b466fbefc1157ca5db1f5,2023-10-28T17:29:34Z,,afdba24cd5ab4f249602c5b2467a5e42,No
spotify:track:2HTByMXgBpDqDw5mPwnk1m,My Moon My Man - Boys Noize Classic Mix,The Reminder (Deluxe Version),Feist,96ecf97c69024d27b8c8a45b1c59cb86,2023-10-29T10:22:50Z,,afdba24cd5ab4f249602c5b2467a5e42,No
spotify:track:2lE7oRoKssULAtbWViL385,Hand in My Pocket - 2015 Remaster,Jagged Little Pill (2015 Remaster),Alanis Morissette,f30a735fd60b474284553995aa9768f1,2023-10-30T20:41:53Z,,afdba24cd5ab4f249602c5b2467a5e42,No
spotify:track:2rAMEH9r80J7vGtT2ZVuwn,Synthetica,Synthetica (Deluxe Edition),Metric,58afd4f15f39489cb2ecbcd7895eb2f8,2023-10-30T21:23:34Z,,afdba24cd5ab4f249602c5b2467a5e42,No
spotify:track:2sCoROOlNQyFpRQEe6A5lv,Call Your Girlfriend,Body Talk,Robyn,741b3f4d3e9d4bcaae168bee3f6f4513,2023-10-27T14:30:27Z,,afdba24cd5ab4f249602c5b2467a5e42,No
spotify:track:2V4Bc2I962j7acQj1N0PiQ,Celebrity Skin,Celebrity Skin,Hole,6811e4c36dd94a059e859ad809572f37,2023-10-27T18:40:15Z,,afdba24cd5ab4f249602c5b2467a5e42,No
spotify:track:3cKoZTSXsSBal8cU77fnqF,Shadows Of The Night - Remastered,Greatest Hits,Pat Benatar,741b3f4d3e9d4bcaae168bee3f6f4513,2023-10-27T14:30:27Z,,afdba24cd5ab4f249602c5b2467a5e42,No
spotify:track:3XF5xLJHOQQRbWya6hBp7d,you should see me in a crown,"WHEN WE ALL FALL ASLEEP, WHERE DO WE GO?",Billie Eilish,cb2e9a92e0404f18a27f7897a58fc445,2023-10-29T01:16:46Z,,afdba24cd5ab4f249602c5b2467a5e42,No
spotify:track:3XRknZ0U5NKW8r5g44ptA6,Antagonist,Supernova,Nova Twins,eb2f9064602b466fbefc1157ca5db1f5,2023-10-28T17:29:34Z,,afdba24cd5ab4f249602c5b2467a5e42,No
spotify:track:4bIlpeiWcSV8a6mYlwBdB9,honey,"If I Can‚Äôt Have Love, I Want Power (Extended)",Halsey,2fa53d8d72a24f40b3e727815750baa8,2023-10-30T02:34:10Z,,afdba24cd5ab4f249602c5b2467a5e42,Yes
spotify:track:4dTVgHZFPlaq9nPbLVVLSG,Closer,Heartthrob,Tegan and Sara,775ff65ba96c4a0aaf80c7cabb5d4c2f,2023-10-27T18:32:54Z,,afdba24cd5ab4f249602c5b2467a5e42,No
spotify:track:4hIY051enSBBJ5fzZUzTSU,How You Love Me Now,Hold On Tight,Hey Monday,2fa53d8d72a24f40b3e727815750baa8,2023-10-30T02:34:10Z,,afdba24cd5ab4f249602c5b2467a5e42,Yes
spotify:track:4veE1jrMbVSy9FRCiYDGkD,I'm The Only One,Yes I Am,Melissa Etheridge,58afd4f15f39489cb2ecbcd7895eb2f8,2023-10-30T21:23:34Z,,afdba24cd5ab4f249602c5b2467a5e42,No
spotify:track:4ZD6SiaJi75smnel0d7jl3,Spiderwebs,Tragic Kingdom,No Doubt,65af0a018fc04a5aa7541314b9cd165f,2023-10-27T14:03:21Z,,afdba24cd5ab4f249602c5b2467a5e42,No
spotify:track:4ZtFanR9U6ndgddUvNcjcG,good 4 u,SOUR,Olivia Rodrigo,c826994196274eef984920f598cf3657,2023-10-27T17:38:47Z,,afdba24cd5ab4f249602c5b2467a5e42,No
spotify:track:54b8qPFqYqIndfdxiLApea,Alone,Bad Animals,Heart,b82c715e0aef4ba990d0281b0c2118cb,2023-10-27T13:36:15Z,,afdba24cd5ab4f249602c5b2467a5e42,No
spotify:track:5kbeIdLuFXtRHtoTqSDnE3,Lay Your Cards Out,Give You The Ghost,POLI√áA,f30a735fd60b474284553995aa9768f1,2023-10-30T20:41:53Z,,afdba24cd5ab4f249602c5b2467a5e42,No
spotify:track:5mfA2CBzQeGiTk9wFItCsS,Zero,It's Blitz! (Deluxe Edition),Yeah Yeah Yeahs,96ecf97c69024d27b8c8a45b1c59cb86,2023-10-29T10:22:50Z,,afdba24cd5ab4f249602c5b2467a5e42,No
spotify:track:5Oows4h53UGeAvJFyCMseY,Without Me,Manic,Halsey,cb2e9a92e0404f18a27f7897a58fc445,2023-10-29T01:16:46Z,,afdba24cd5ab4f249602c5b2467a5e42,No
spotify:track:6SpLc7EXZIPpy0sVko0aoU,Misery Business,Riot!,Paramore,65af0a018fc04a5aa7541314b9cd165f,2023-10-27T14:03:21Z,,afdba24cd5ab4f249602c5b2467a5e42,No
spotify:track:0Q0IVlqMV64kNLlwjPj0Hl,Killing Me Softly With His Song,The Score (Expanded Edition),"Fugees, Ms. Lauryn Hill",f30a735fd60b474284553995aa9768f1,2023-11-07T22:51:55Z,,9653b27b023840d985b45837f380965b,No
spotify:track:0rcwROyUguj5RQa5pPKajI,"Archie, Marry Me",The Loved Ones,Flyte,a0e1625f68f2420c806bc57a00ccd519,2023-11-06T07:26:23Z,,9653b27b023840d985b45837f380965b,No
spotify:track:1dmeXS21t9WV6d3Fm5mxTi,Do I Wanna Know?,triple j Like A Version,CHVRCHES,741b3f4d3e9d4bcaae168bee3f6f4513,2023-11-04T18:28:09Z,,9653b27b023840d985b45837f380965b,No
spotify:track:1Lo0QY9cvc8sUB2vnIOxDT,Fast Car,Gettin' Old,Luke Combs,6811e4c36dd94a059e859ad809572f37,2023-11-05T19:52:39Z,,9653b27b023840d985b45837f380965b,No
spotify:track:25U7raB3ZSszayTYClh4hF,Somewhere Over The Rainbow_What A Wonderful World,Facing Future,Israel Kamakawiwo'ole,cb2e9a92e0404f18a27f7897a58fc445,2023-11-04T19:31:42Z,,9653b27b023840d985b45837f380965b,Yes
spotify:track:28cnXtME493VX9NOw9cIUh,Hurt,American IV: The Man Comes Around,Johnny Cash,775ff65ba96c4a0aaf80c7cabb5d4c2f,2023-11-08T16:55:04Z,,9653b27b023840d985b45837f380965b,No
spotify:track:2ibXTDFu1JfbyaVNKDys8l,Higher Love (feat. Pierre Soyer) - Extended Mix,Higher Love [feat. Pierre Soyer],"Alessandro Taccini, Pierre Soyer",741b3f4d3e9d4bcaae168bee3f6f4513,2023-11-04T18:28:09Z,,9653b27b023840d985b45837f380965b,No
spotify:track:2u6IAPdDmvp3RPbrGdDX8U,No Diggity,Thinking In Textures,Chet Faker,f30a735fd60b474284553995aa9768f1,2023-11-07T22:51:55Z,,9653b27b023840d985b45837f380965b,No
spotify:track:2VsyBIQdUrMqghofolbucW,Boys - triple j Like A Version,Boys (triple j Like A Version),Wolf Alice,eb2f9064602b466fbefc1157ca5db1f5,2023-11-07T02:31:52Z,,9653b27b023840d985b45837f380965b,No
spotify:track:3nvuPQTw2zuFAVuLsC9IYQ,Nothing Compares 2 U,I Do Not Want What I Haven't Got,Sin√©ad O'Connor,58afd4f15f39489cb2ecbcd7895eb2f8,2023-11-06T15:11:52Z,,9653b27b023840d985b45837f380965b,No
spotify:track:3oh7ZiaBgHj4sLxdMEUSJx,Girls Like You,Bridgerton (Covers from the Netflix Original Series),Vitamin String Quartet,6811e4c36dd94a059e859ad809572f37,2023-11-05T19:52:39Z,,9653b27b023840d985b45837f380965b,No
spotify:track:4JwjzS9WFkWlpzGCwh82fn,Atlantic City,Jericho,The Band,96ecf97c69024d27b8c8a45b1c59cb86,2023-11-05T08:07:47Z,,9653b27b023840d985b45837f380965b,No
spotify:track:4RHwoFW91zWDprK6tew9Cr,Same Drugs,Missing Pieces,Free Throw,f880f25dfd824ab789d2dc58da6063dd,2023-11-08T01:23:25Z,,9653b27b023840d985b45837f380965b,No
spotify:track:5j0CsCmOawMGWDHwZ148nI,Fast Car,Feel The Pain / Fast Car,Jamila Woods,eb2f9064602b466fbefc1157ca5db1f5,2023-11-07T02:31:52Z,,9653b27b023840d985b45837f380965b,No
spotify:track:5qX2ZJoLEyFCTAdaCqUo7s,Whatever You Like - Single Version,Whatever You Like [Digital 45],Anya Marina,58afd4f15f39489cb2ecbcd7895eb2f8,2023-11-06T15:11:52Z,,9653b27b023840d985b45837f380965b,No
spotify:track:5YBVDvTSSSiqv7KZDeUlXA,Renegades Of Funk,Renegades,Rage Against The Machine,2fa53d8d72a24f40b3e727815750baa8,2023-11-08T19:47:13Z,,9653b27b023840d985b45837f380965b,No
spotify:track:5YqpHuXpFjDVZ7tY1ClFll,Heartbeats,Veneer,Jos√© Gonz√°lez,a0e1625f68f2420c806bc57a00ccd519,2023-11-06T07:26:23Z,,9653b27b023840d985b45837f380965b,No
spotify:track:62WrR3OKtOuA8pKQepahj2,Pursuit of Happiness,Covered up with Flowers,Lissie,65af0a018fc04a5aa7541314b9cd165f,2023-11-04T17:53:14Z,,9653b27b023840d985b45837f380965b,No
spotify:track:65iAvK8UPsThiKcUj2h3Mv,Rich Girl,Interpreting The Masters Volume 1: A Tribute To Daryl Hall And John Oates,the bird and the bee,b82c715e0aef4ba990d0281b0c2118cb,2023-11-05T13:48:23Z,,9653b27b023840d985b45837f380965b,No
spotify:track:6DTLxkODqriIxX6Q4d4bOC,Wait So Long,Wait So Long / Disappear,Motion City Soundtrack,65af0a018fc04a5aa7541314b9cd165f,2023-11-04T17:53:14Z,,9653b27b023840d985b45837f380965b,No
spotify:track:6E4Y6Lh9tGWezuWf2XzBwq,Get Lucky,Get Lucky - EP,Karen Souza,775ff65ba96c4a0aaf80c7cabb5d4c2f,2023-11-08T16:55:04Z,,9653b27b023840d985b45837f380965b,No
spotify:track:6FCfj69zzQHnrx4fTukhfo,Bulls on Parade - triple j Like A Version,Bulls on Parade (triple j Like A Version),Denzel Curry,f880f25dfd824ab789d2dc58da6063dd,2023-11-08T01:23:25Z,,9653b27b023840d985b45837f380965b,No
spotify:track:6KlESwx6JWh4QiPYRU4Nm3,Smooth Criminal,The Best Of Alien Ant Farm 20th Century Masters The Millennium Collection,Alien Ant Farm,b82c715e0aef4ba990d0281b0c2118cb,2023-11-05T13:48:23Z,,9653b27b023840d985b45837f380965b,No
spotify:track:6nLvaCZFR1wEzW3sIKpsnr,"Valerie - Live At BBC Radio 1 Live Lounge, London / 2007",Back To Black (Deluxe Edition),Amy Winehouse,cb2e9a92e0404f18a27f7897a58fc445,2023-11-04T19:31:42Z,RIP you legend üò≠,9653b27b023840d985b45837f380965b,Yes
spotify:track:6vFifFwgq4Z3csFE6zi9Fd,Motivation - Recorded at Electric Lady Studios NYC,Spotify Singles,MUNA,2fa53d8d72a24f40b3e727815750baa8,2023-11-08T19:47:13Z,,9653b27b023840d985b45837f380965b,No
spotify:track:7yHIhm47w7yPXbWrCU3NId,Someday - triple j Like A Version,Someday (triple j Like A Version),Julia Jacklin,96ecf97c69024d27b8c8a45b1c59cb86,2023-11-05T08:07:47Z,,9653b27b023840d985b45837f380965b,No
spotify:track:0FS7B5o3QyvOD8eWjnbLoO,Run Away With Me,Emotion (Deluxe Expanded Edition),Carly Rae Jepsen,2fa53d8d72a24f40b3e727815750baa8,2023-11-12T11:33:09Z,,63cc7f150e8648bb884f7c5e369c67c5,No
spotify:track:0VgkVdmE4gld66l8iyGjgx,Mask Off,FUTURE,Future,eb2f9064602b466fbefc1157ca5db1f5,2023-11-16T00:13:34Z,,63cc7f150e8648bb884f7c5e369c67c5,No
spotify:track:1CM1wOqD2AIjt2MWd31LV2,Solsbury Hill,Peter Gabriel 1: Car (Remastered Version),Peter Gabriel,741b3f4d3e9d4bcaae168bee3f6f4513,2023-11-16T01:53:36Z,,63cc7f150e8648bb884f7c5e369c67c5,No
spotify:track:1Hv1VTm8zeOeybub15mA2R,Smooth Operator - Single Version,The Best of Sade,Sade,96ecf97c69024d27b8c8a45b1c59cb86,2023-11-13T16:13:14Z,,63cc7f150e8648bb884f7c5e369c67c5,Yes
spotify:track:1jyddn36UN4tVsJGtaJfem,You Are the Best Thing,Gossip In The Grain,Ray LaMontagne,6811e4c36dd94a059e859ad809572f37,2023-11-12T15:32:55Z,,63cc7f150e8648bb884f7c5e369c67c5,No
spotify:track:1NrbnHlR2BFREcyWXHIHip,When I'm Sixty Four - Remastered 2009,Sgt. Pepper's Lonely Hearts Club Band (Remastered),The Beatles,b82c715e0aef4ba990d0281b0c2118cb,2023-11-14T01:23:43Z,,63cc7f150e8648bb884f7c5e369c67c5,No
spotify:track:1xJAmebcsIOntzmfYtXrfc,Heaven Help Me,Cuz I Love You,Lizzo,c826994196274eef984920f598cf3657,2023-11-16T01:47:18Z,Queen of flute ,63cc7f150e8648bb884f7c5e369c67c5,No
spotify:track:1yUl2G3VJdkidTqXWBt2UD,Flute Loop,Ill Communication,Beastie Boys,eb2f9064602b466fbefc1157ca5db1f5,2023-11-16T00:13:34Z,,63cc7f150e8648bb884f7c5e369c67c5,No
spotify:track:1ZEOIhSn6BKErV59bIgn76,California Dreamin',All The Leaves Are Brown The Golden Era Collection,The Mamas & The Papas,6811e4c36dd94a059e859ad809572f37,2023-11-12T15:32:55Z,,63cc7f150e8648bb884f7c5e369c67c5,No
spotify:track:27ZhKzjHoE0UUlyMXu0ZFa,Jubel,The Album,Klingande,65af0a018fc04a5aa7541314b9cd165f,2023-11-16T00:02:51Z,,63cc7f150e8648bb884f7c5e369c67c5,No
spotify:track:2Iq6HhIquO7JKr0KfTNLzU,My Type,My Type EP,Saint Motel,cb2e9a92e0404f18a27f7897a58fc445,2023-11-14T14:33:14Z,,63cc7f150e8648bb884f7c5e369c67c5,No
spotify:track:2nilAlGEZmwyaLTMMyDdLo,For Emma,"For Emma, Forever Ago",Bon Iver,a0e1625f68f2420c806bc57a00ccd519,2023-11-13T07:31:11Z,,63cc7f150e8648bb884f7c5e369c67c5,No
spotify:track:2nklcPJ3YhYJfC2ibStXz9,#41,Crash,Dave Matthews Band,58afd4f15f39489cb2ecbcd7895eb2f8,2023-11-14T16:45:10Z,,63cc7f150e8648bb884f7c5e369c67c5,No
spotify:track:3aSxNKhVCA1acwnDK6CBbd,Soul Bossa Nova,Austin Powers: International Man of Mystery (Original Soundtrack),Quincy Jones,775ff65ba96c4a0aaf80c7cabb5d4c2f,2023-11-15T21:51:35Z,Groovy baby!,63cc7f150e8648bb884f7c5e369c67c5,No
spotify:track:3GI3DlwrqMKzkN0iGR3PEj,Sagaba,Blue Scholars,Blue Scholars,775ff65ba96c4a0aaf80c7cabb5d4c2f,2023-11-15T21:51:35Z,,63cc7f150e8648bb884f7c5e369c67c5,No
spotify:track:4wFBbeR03fah9nwy0isyO8,The Predatory Wasp of the Palisades Is Out to Get Us!,Illinois,Sufjan Stevens,65af0a018fc04a5aa7541314b9cd165f,2023-11-16T00:02:51Z,,63cc7f150e8648bb884f7c5e369c67c5,No
spotify:track:5hQSXkFgbxjZo9uCwd11so,False God,Lover,Taylor Swift,b82c715e0aef4ba990d0281b0c2118cb,2023-11-14T01:23:43Z,,63cc7f150e8648bb884f7c5e369c67c5,No
spotify:track:5TF8ilZCTU2PjKiZOYg4WX,The Nosebleed Section,RAP DNA,Hilltop Hoods,741b3f4d3e9d4bcaae168bee3f6f4513,2023-11-16T01:53:36Z,,63cc7f150e8648bb884f7c5e369c67c5,No
spotify:track:6fNqBgMxJBGhlk5GmUGly6,The Revolution Will Not Be Televised,Pieces Of A Man,Gil Scott-Heron,cb2e9a92e0404f18a27f7897a58fc445,2023-11-14T14:33:14Z,The Revolution Will be Live‚úåÔ∏è,63cc7f150e8648bb884f7c5e369c67c5,No
spotify:track:6hTcuIQa0sxrrByu9wTD7s,Born to Run,Born To Run,Bruce Springsteen,c826994196274eef984920f598cf3657,2023-11-16T01:47:18Z,,63cc7f150e8648bb884f7c5e369c67c5,No
spotify:track:6KHNMPZTSif1zFbFKErpNU,Moondance - 2013 Remaster,Moondance,Van Morrison,f30a735fd60b474284553995aa9768f1,2023-11-16T08:07:46Z,,63cc7f150e8648bb884f7c5e369c67c5,No
spotify:track:6RpunyUP44SDweJPDScLSF,Come Home (feat. Andr√© 3000),Ventura,"Anderson .Paak, Andr√© 3000",a0e1625f68f2420c806bc57a00ccd519,2023-11-13T07:31:11Z,,63cc7f150e8648bb884f7c5e369c67c5,No
spotify:track:6XK6Zw6JkFsHXzAcMWNiIr,Send Me On My Way,When I Woke,Rusted Root,96ecf97c69024d27b8c8a45b1c59cb86,2023-11-13T16:13:14Z,If that rippin flute solo doesn‚Äôt hit you right in the childhood‚Ä¶ ,63cc7f150e8648bb884f7c5e369c67c5,Yes
spotify:track:7m97yKVzPpXV9Z4ezEziOD,Big Pimpin',Vol. 3... Life And Times Of S. Carter,"JAY-Z, UGK",2fa53d8d72a24f40b3e727815750baa8,2023-11-12T11:33:09Z,,63cc7f150e8648bb884f7c5e369c67c5,No
spotify:track:7oB0QBEnGRIJjvlDc8YnM6,Rhapsody in Blue,Gershwin: Rhapsody in Blue & An American in Paris,"George Gershwin, Columbia Symphony Orchestra, Leonard Bernstein",58afd4f15f39489cb2ecbcd7895eb2f8,2023-11-14T16:45:10Z,,63cc7f150e8648bb884f7c5e369c67c5,No
spotify:track:7ycWLEP1GsNjVvcjawXz3z,Praise The Lord (Da Shine) (feat. Skepta),TESTING,"A$AP Rocky, Skepta",f30a735fd60b474284553995aa9768f1,2023-11-16T08:07:46Z,,63cc7f150e8648bb884f7c5e369c67c5,No
spotify:track:0fnBm6sajqvo50JpA2bzrw,Put Your Sex in the Air,Le 2√®me album,Max Boublil,775ff65ba96c4a0aaf80c7cabb5d4c2f,2023-11-24T18:33:08Z,I listened to this song a lot while learning French and it‚Äôs even worst once you know what the lyrics are üôà,cf345ded5b96407e85b8436c822457ad,Yes
spotify:track:0KqyBk4aVT88TEqBIC8mAP,Girl All the Bad Guys Want,Drunk Enough To Dance,Bowling For Soup,58afd4f15f39489cb2ecbcd7895eb2f8,2023-11-24T15:47:21Z,,cf345ded5b96407e85b8436c822457ad,No
spotify:track:13YePtJtWMzVlLflz2NhIF,Bathroom Bitch,Bathroom Bitch,HOLYCHILD,cb2e9a92e0404f18a27f7897a58fc445,2023-11-21T23:33:46Z,So raunchy but so catchy ,cf345ded5b96407e85b8436c822457ad,No
spotify:track:1AEYT6VxrxXPMoQUxsY0E4,Headstrong,Trapt,Trapt,741b3f4d3e9d4bcaae168bee3f6f4513,2023-11-21T02:13:32Z,Banging workout song,cf345ded5b96407e85b8436c822457ad,No
spotify:track:1ehPJRt49h6N0LoryqKZXq,How Far I'll Go - Alessia Cara Version,Moana (Original Motion Picture Soundtrack/Deluxe Edition),Alessia Cara,65af0a018fc04a5aa7541314b9cd165f,2023-11-22T22:14:49Z,,cf345ded5b96407e85b8436c822457ad,No
spotify:track:1gaHMZnimTTqkvyHM05Ml6,Thinking Of You,One Of The Boys,Katy Perry,58afd4f15f39489cb2ecbcd7895eb2f8,2023-11-24T15:47:21Z,,cf345ded5b96407e85b8436c822457ad,No
spotify:track:1H5tvpoApNDxvxDexoaAUo,Who Let The Dogs Out,Who Let The Dogs Out,Baha Men,eb2f9064602b466fbefc1157ca5db1f5,2023-11-24T20:13:21Z,,cf345ded5b96407e85b8436c822457ad,No
spotify:track:1le5KVGTF1xWf2aUj7ruLy,Fallin' For You,Breakthrough (Deluxe Edition),Colbie Caillat,65af0a018fc04a5aa7541314b9cd165f,2023-11-22T22:14:49Z,,cf345ded5b96407e85b8436c822457ad,No
spotify:track:1zB4vmk8tFRmM9UULNzbLB,Thunder,Evolve,Imagine Dragons,a0e1625f68f2420c806bc57a00ccd519,2023-11-23T20:27:59Z,Didnt feel guilty about this until they awkwardly performed at the wga picket line,cf345ded5b96407e85b8436c822457ad,No
spotify:track:2FfZg072w8RoxlMOR7M4CT,Ants Marching,Under the Table and Dreaming (Expanded Edition),Dave Matthews Band,f30a735fd60b474284553995aa9768f1,2023-11-24T06:56:02Z,,cf345ded5b96407e85b8436c822457ad,No
spotify:track:2j5hsQvApottzvTn4pFJWF,What Lovers Do (feat. SZA),Red Pill Blues (Deluxe),"Maroon 5, SZA",a0e1625f68f2420c806bc57a00ccd519,2023-11-23T20:27:59Z,HEY HEY NOW BABYYY,cf345ded5b96407e85b8436c822457ad,No
spotify:track:2nLtzopw4rPReszdYBJU6h,Numb,Meteora,Linkin Park,96ecf97c69024d27b8c8a45b1c59cb86,2023-11-21T14:34:29Z,,cf345ded5b96407e85b8436c822457ad,No
spotify:track:37f4ITSlgPX81ad2EvmVQr,Fight Song,Wildfire,Rachel Platten,741b3f4d3e9d4bcaae168bee3f6f4513,2023-11-21T02:13:32Z,,cf345ded5b96407e85b8436c822457ad,No
spotify:track:3H02Ath9iNiQnkcKcvZH0e,Magic,Vol. 2,Walk off the Earth,b82c715e0aef4ba990d0281b0c2118cb,2023-11-24T15:49:43Z,,cf345ded5b96407e85b8436c822457ad,No
spotify:track:3qqho4PnTn3zlMPBzWhFFD,Ugly Heart,G.R.L.,G.R.L.,6811e4c36dd94a059e859ad809572f37,2023-11-22T00:36:15Z,,cf345ded5b96407e85b8436c822457ad,No
spotify:track:3v0uXfyMEZ1lGvBOv1Y4ar,Bring It All Back,S Club,S Club,2fa53d8d72a24f40b3e727815750baa8,2023-11-24T05:16:21Z,,cf345ded5b96407e85b8436c822457ad,Yes
spotify:track:4bPQs0PHn4xbipzdPfn6du,I Write Sins Not Tragedies,A Fever You Can't Sweat Out,Panic! At The Disco,96ecf97c69024d27b8c8a45b1c59cb86,2023-11-21T14:34:29Z,,cf345ded5b96407e85b8436c822457ad,No
spotify:track:4bVuIlGQBMWS7vIhcx8Ae4,What Hurts The Most,Me And My Gang,Rascal Flatts,6811e4c36dd94a059e859ad809572f37,2023-11-22T00:36:15Z,This is my secret car sing-a-long song ,cf345ded5b96407e85b8436c822457ad,No
spotify:track:4EW8simi1XfAph3nfsaPzz,It's My Life / Confessions Part II (Glee Cast Version),It's My Life / Confessions Part II (Glee Cast Version),Glee Cast,b82c715e0aef4ba990d0281b0c2118cb,2023-11-24T15:49:43Z,,cf345ded5b96407e85b8436c822457ad,No
spotify:track:5DI9jxTHrEiFAhStG7VA8E,Started From the Bottom,Nothing Was The Same,Drake,775ff65ba96c4a0aaf80c7cabb5d4c2f,2023-11-24T18:33:08Z,*puts Spotify on private and hits the repeat one song button*,cf345ded5b96407e85b8436c822457ad,Yes
spotify:track:5rX6C5QVvvZB7XckETNych,All Summer Long,Rock n Roll Jesus,Kid Rock,eb2f9064602b466fbefc1157ca5db1f5,2023-11-24T20:13:21Z,,cf345ded5b96407e85b8436c822457ad,No
spotify:track:5wANPM4fQCJwkGd4rN57mH,drivers license,SOUR,Olivia Rodrigo,c826994196274eef984920f598cf3657,2023-11-24T19:27:37Z,,cf345ded5b96407e85b8436c822457ad,No
spotify:track:6VCeywT4JeawuZOUkQ1okx,Pussy Is God,Pussy Is God,King Princess,cb2e9a92e0404f18a27f7897a58fc445,2023-11-21T23:33:46Z,üò∏üòá,cf345ded5b96407e85b8436c822457ad,No
spotify:track:6x4tKaOzfNJpEJHySoiJcs,Mambo No. 5 (a Little Bit of...),A Little Bit of Mambo,Lou Bega,f30a735fd60b474284553995aa9768f1,2023-11-24T06:56:02Z,,cf345ded5b96407e85b8436c822457ad,No
spotify:track:7HZvTYEdNPiPdweW1868Vm,For Good,Wicked (Original Broadway Cast Recording / Deluxe Edition),"Stephen Schwartz, LeAnn Rimes, Delta Goodrem",c826994196274eef984920f598cf3657,2023-11-24T19:27:37Z,,cf345ded5b96407e85b8436c822457ad,No
spotify:track:7uHJpostAYqNJ8nZM1tp78,Cate‚Äôs Brother,Cate‚Äôs Brother,Maisie Peters,2fa53d8d72a24f40b3e727815750baa8,2023-11-24T05:16:21Z,,cf345ded5b96407e85b8436c822457ad,Yes
spotify:track:09AWmqTAIk1cPQUzxyDUiA,Santa Fe,Santa Fe,"DEVOTED, Billionaire",775ff65ba96c4a0aaf80c7cabb5d4c2f,2023-12-02T23:20:30Z,,8d1f8acd8fb249f495be810800c211ef,No
spotify:track:0eVcgi09qYDx6ULCfiPjIu,PA Nights,Blue Slide Park,Mac Miller,65af0a018fc04a5aa7541314b9cd165f,2023-12-03T00:12:14Z,,8d1f8acd8fb249f495be810800c211ef,No
spotify:track:15WbjBy1bzH1UsUldBwwlW,Blood Bank,Blood Bank,Bon Iver,b82c715e0aef4ba990d0281b0c2118cb,2023-11-29T01:29:41Z,,8d1f8acd8fb249f495be810800c211ef,No
spotify:track:1cSFlSBdpT4F5vb1frQ231,The Other Side Of The Door (Taylor‚Äôs Version),Fearless (Taylor's Version),Taylor Swift,b82c715e0aef4ba990d0281b0c2118cb,2023-11-29T01:29:41Z,,8d1f8acd8fb249f495be810800c211ef,No
spotify:track:1GLmaPfulP0BrfijohQpN5,Don't Worry Baby - Remastered 2001,"Shut Down, Vol. 2 (Remastered)",The Beach Boys,58afd4f15f39489cb2ecbcd7895eb2f8,2023-11-30T19:54:04Z,,8d1f8acd8fb249f495be810800c211ef,No
spotify:track:1LnEW2Dx4pFZ4yZ4dXFY4f,Batter Up,Country Grammar,"Nelly, Murphy Lee, Ali",741b3f4d3e9d4bcaae168bee3f6f4513,2023-11-28T18:15:39Z,,8d1f8acd8fb249f495be810800c211ef,No
spotify:track:1PW0MH1EwqC09G0OnnjnT4,Deadwater,Don't You,Wet,741b3f4d3e9d4bcaae168bee3f6f4513,2023-11-28T18:15:39Z,,8d1f8acd8fb249f495be810800c211ef,No
spotify:track:1ylzYcU6FGnuBqqdqqH7QL,Especially in Michigan,Stadium Arcadium,Red Hot Chili Peppers,96ecf97c69024d27b8c8a45b1c59cb86,2023-11-30T06:54:27Z,,8d1f8acd8fb249f495be810800c211ef,No
spotify:track:25x38hVatSDa5ptfbKwdn5,Silver Cross,Charli,Charli XCX,eb2f9064602b466fbefc1157ca5db1f5,2023-11-30T18:45:17Z,,8d1f8acd8fb249f495be810800c211ef,No
spotify:track:2igOUypyg58AbiUPgrlPNN,Fire Bomb,Rated R,Rihanna,2fa53d8d72a24f40b3e727815750baa8,2023-12-03T06:09:51Z,,8d1f8acd8fb249f495be810800c211ef,No
spotify:track:2NcstvY8H9PVQ0DMNGHckh,America's Sweetheart,Love Stuff,Elle King,cb2e9a92e0404f18a27f7897a58fc445,2023-11-28T20:46:38Z,Obsessed with this song,8d1f8acd8fb249f495be810800c211ef,No
spotify:track:2v52t6uTRjPIgnh9HHBAaf,Onyeka (Baby),Twice As Tall,Burna Boy,f30a735fd60b474284553995aa9768f1,2023-12-02T06:09:46Z,,8d1f8acd8fb249f495be810800c211ef,No
spotify:track:3lVPtkNFoIyPPGVdNri4VH,Neon Moon - with Kacey Musgraves,Reboot,"Brooks & Dunn, Kacey Musgraves",c826994196274eef984920f598cf3657,2023-12-02T17:19:33Z,,8d1f8acd8fb249f495be810800c211ef,No
spotify:track:3w7trw4eu0CsEudrWj8Gpb,Nirvana,Nirvana,Sam Smith,6811e4c36dd94a059e859ad809572f37,2023-11-28T18:14:35Z,,8d1f8acd8fb249f495be810800c211ef,No
spotify:track:4CIu6ip0JlQeCqLLfoqlDW,"Eh, Eh (Nothing Else I Can Say)",The Fame,Lady Gaga,58afd4f15f39489cb2ecbcd7895eb2f8,2023-11-30T19:54:04Z,,8d1f8acd8fb249f495be810800c211ef,No
spotify:track:4NBQVFmu2R7lmRU3yoSMm4,Everybody's Something,Acid Rap,"Chance the Rapper, Saba, BJ The Chicago Kid",f30a735fd60b474284553995aa9768f1,2023-12-02T06:09:46Z,,8d1f8acd8fb249f495be810800c211ef,No
spotify:track:4pNf88UmWBliI9uQA9XtsJ,"So Much Wine, Merry Christmas","Things Are Really Great Here, Sort Of...",Andrew Bird,96ecf97c69024d27b8c8a45b1c59cb86,2023-11-30T06:54:27Z,,8d1f8acd8fb249f495be810800c211ef,No
spotify:track:5aRZk9oWIYUB5alrTs8TTV,From Eden,Hozier (Expanded Edition),Hozier,cb2e9a92e0404f18a27f7897a58fc445,2023-11-28T20:46:38Z,üêç,8d1f8acd8fb249f495be810800c211ef,No
spotify:track:5sn1BmEOPP1bu4cZq9OgoF,Tim McGraw - Recorded At Spotify Studios NYC,Spotify Singles,Maggie Rogers,c826994196274eef984920f598cf3657,2023-12-02T17:19:33Z,,8d1f8acd8fb249f495be810800c211ef,No
spotify:track:5UHjWOJA6MDl1g3x2HC68V,The Recipe (Black Hippy Remix) - Bonus Track,"good kid, m.A.A.d city (Deluxe)","Kendrick Lamar, Dr. Dre",a0e1625f68f2420c806bc57a00ccd519,2023-11-29T23:09:42Z,I always forget about this song but love it,8d1f8acd8fb249f495be810800c211ef,No
spotify:track:5yZvaUVyuXfSVUaMumFi6l,Runnin' (Lose It All),Runnin' (Lose It All),"Naughty Boy, Beyonc√©, Arrow Benjamin",a0e1625f68f2420c806bc57a00ccd519,2023-11-29T23:09:42Z,beyonce is technically just featured on this so idk if it counts but she‚Äôs the main vocalist and i love it so im doin it,8d1f8acd8fb249f495be810800c211ef,No
spotify:track:64UioB4Nmwgn2f4cbIpAkl,It's Still Rock and Roll to Me,Glass Houses,Billy Joel,775ff65ba96c4a0aaf80c7cabb5d4c2f,2023-12-02T23:20:30Z,,8d1f8acd8fb249f495be810800c211ef,No
spotify:track:6JoIs4XLvBgjZOkKnyuPPv,Schoolin' Life,4,Beyonc√©,eb2f9064602b466fbefc1157ca5db1f5,2023-11-30T18:45:17Z,,8d1f8acd8fb249f495be810800c211ef,No
spotify:track:6wFxUq7Gr44N3uwLjVQRR0,Family Business,The College Dropout,Kanye West,2fa53d8d72a24f40b3e727815750baa8,2023-12-03T06:09:51Z,,8d1f8acd8fb249f495be810800c211ef,No
spotify:track:6Xxvdy1m9TX9HTxOzQcfuV,Grigio Girls,Joanne (Deluxe),Lady Gaga,6811e4c36dd94a059e859ad809572f37,2023-11-28T18:14:35Z,,8d1f8acd8fb249f495be810800c211ef,No
spotify:track:7mKkJuVgkR72ozJGvJOTHP,The View,Good News For People Who Love Bad News,Modest Mouse,65af0a018fc04a5aa7541314b9cd165f,2023-12-03T00:12:14Z,,8d1f8acd8fb249f495be810800c211ef,No
spotify:track:04GQPGMmAm06AFtVgrhWxE,Hope Is A Heartache,L√âON,L√âON,6811e4c36dd94a059e859ad809572f37,2023-12-07T00:30:40Z,,d08bf3d7786844f58e8dadb09a49b918,No
spotify:track:09DR0sHnQUhHOiSNttc1mv,Not Strong Enough,the record,"boygenius, Julien Baker, Phoebe Bridgers, Lucy Dacus",eb2f9064602b466fbefc1157ca5db1f5,2023-12-07T15:32:16Z,,d08bf3d7786844f58e8dadb09a49b918,No
spotify:track:0cVyQfDyRnMJ0V3rjjdlU3,Lil Boo Thang,Lil Boo Thang,Paul Russell,6811e4c36dd94a059e859ad809572f37,2023-12-07T00:30:40Z,I watch too much TikTok but this song is good vibes ,d08bf3d7786844f58e8dadb09a49b918,No
spotify:track:0ofHAoxe9vBkTCp2UQIavz,Dreams - 2004 Remaster,Rumours (Super Deluxe),Fleetwood Mac,96ecf97c69024d27b8c8a45b1c59cb86,2023-12-08T16:52:17Z,,d08bf3d7786844f58e8dadb09a49b918,No
spotify:track:0pJO1tc1GpnxFyQp6Zp82r,Gorilla,NO THANK YOU,Little Simz,f30a735fd60b474284553995aa9768f1,2023-12-09T09:59:09Z,,d08bf3d7786844f58e8dadb09a49b918,No
spotify:track:0v0oL77zDnGTdRwB2q6OIm,Whiplash,Whiplash (Original Motion Picture Soundtrack),Hank Levy,58afd4f15f39489cb2ecbcd7895eb2f8,2023-12-08T23:49:56Z,,d08bf3d7786844f58e8dadb09a49b918,No
spotify:track:0vVMlbdYx2080Oa9FndPZr,long story short,evermore,Taylor Swift,b82c715e0aef4ba990d0281b0c2118cb,2023-12-07T14:27:18Z,,d08bf3d7786844f58e8dadb09a49b918,No
spotify:track:0WtM2NBVQNNJLh6scP13H8,Calm Down (with Selena Gomez),Calm Down (with Selena Gomez),"Rema, Selena Gomez",6811e4c36dd94a059e859ad809572f37,2023-12-07T00:30:40Z,,d08bf3d7786844f58e8dadb09a49b918,No
spotify:track:11C4y2Yz1XbHmaQwO06s9f,Dance The Night,Barbie The Album,Dua Lipa,cb2e9a92e0404f18a27f7897a58fc445,2023-12-07T11:55:54Z,,d08bf3d7786844f58e8dadb09a49b918,No
spotify:track:1DlT3Udf11689ezYr6R8aA,Nerve,The Story So Far,The Story So Far,2fa53d8d72a24f40b3e727815750baa8,2023-12-09T08:27:52Z,,d08bf3d7786844f58e8dadb09a49b918,No
spotify:track:1HfsmNlg8xxhOr9N2i4Q0n,Touching Yourself,In the End It Always Does,The Japanese House,eb2f9064602b466fbefc1157ca5db1f5,2023-12-07T15:32:16Z,,d08bf3d7786844f58e8dadb09a49b918,No
spotify:track:1Hohk6AufHZOrrhMXZppax,ALIEN SUPERSTAR,RENAISSANCE,Beyonc√©,eb2f9064602b466fbefc1157ca5db1f5,2023-12-07T15:32:16Z,,d08bf3d7786844f58e8dadb09a49b918,No
spotify:track:1jASJWOio1y6HX9noE7FWi,Indeed,Dog Daze,Cruza,f30a735fd60b474284553995aa9768f1,2023-12-09T09:59:09Z,,d08bf3d7786844f58e8dadb09a49b918,No
spotify:track:1L0z2CQKrKJ2spYSMkfim9,Bottom Bitch,Hot Pink,Doja Cat,2fa53d8d72a24f40b3e727815750baa8,2023-12-09T08:27:52Z,,d08bf3d7786844f58e8dadb09a49b918,No
spotify:track:1oOD1pV43cV9sHg97aBdLs,Dean Town,The Beautiful Game,Vulfpeck,96ecf97c69024d27b8c8a45b1c59cb86,2023-12-08T16:52:17Z,,d08bf3d7786844f58e8dadb09a49b918,No
spotify:track:1tEoKpDagAe3Ir1ffjYMyg,Coconut Shrimp,Tequila Sunrise,Super American,f880f25dfd824ab789d2dc58da6063dd,2023-12-09T16:05:25Z,,d08bf3d7786844f58e8dadb09a49b918,No
spotify:track:1w7cgGZR86yWz1pA2puVJD,HEATED,RENAISSANCE,Beyonc√©,a0e1625f68f2420c806bc57a00ccd519,2023-12-07T07:59:16Z,Most fun song to sing award,d08bf3d7786844f58e8dadb09a49b918,No
spotify:track:1wqKQu5RECFt8Q3MMCqWdn,Spend The Night,Spend The Night,"BJ The Chicago Kid, Coco Jones",f880f25dfd824ab789d2dc58da6063dd,2023-12-09T16:05:25Z,,d08bf3d7786844f58e8dadb09a49b918,No
spotify:track:2D1LIEnjmKBsRRJGaRWkbA,Lucky,Lucky,"Tyzo Bloom, Freak Slug",65af0a018fc04a5aa7541314b9cd165f,2023-12-09T01:35:17Z,,d08bf3d7786844f58e8dadb09a49b918,No
spotify:track:2wXFOd5lYZH3Hiuw1oAYGt,"Renaissance (Main Title Theme) - from ""The White Lotus: Season 2""",The White Lotus: Season 2 (Soundtrack from the HBO¬Æ Original Series),Cristobal Tapia De Veer,775ff65ba96c4a0aaf80c7cabb5d4c2f,2023-12-07T00:29:19Z,,d08bf3d7786844f58e8dadb09a49b918,No
spotify:track:35QAUfIbfIXT3p3cWhaKxZ,California,California,The Lagoons,65af0a018fc04a5aa7541314b9cd165f,2023-12-09T01:35:17Z,,d08bf3d7786844f58e8dadb09a49b918,No
spotify:track:3BXe9ZWHc05Ejzo51NuQVG,Whole Damn Town,Diamonds & Gasoline,Turnpike Troubadours,741b3f4d3e9d4bcaae168bee3f6f4513,2023-12-07T02:24:17Z,,d08bf3d7786844f58e8dadb09a49b918,No
spotify:track:3DarAbFujv6eYNliUTyqtz,Kiss Me More (feat. SZA),Planet Her,"Doja Cat, SZA",cb2e9a92e0404f18a27f7897a58fc445,2023-12-07T11:55:54Z,,d08bf3d7786844f58e8dadb09a49b918,No
spotify:track:3dvXRk7TZ929m21p49RR5P,Mariella,Texas Moon,"Khruangbin, Leon Bridges",96ecf97c69024d27b8c8a45b1c59cb86,2023-12-08T16:52:17Z,,d08bf3d7786844f58e8dadb09a49b918,No
spotify:track:3lOok0REf4j3790abX26PR,Do You Feel It?,Committed to the Crime,Chaos Chaos,775ff65ba96c4a0aaf80c7cabb5d4c2f,2023-12-07T00:29:19Z,,d08bf3d7786844f58e8dadb09a49b918,No
spotify:track:3VTI5UP1CFB5RpjrhaqiSF,That Power,Camp,Childish Gambino,775ff65ba96c4a0aaf80c7cabb5d4c2f,2023-12-07T00:29:19Z,,d08bf3d7786844f58e8dadb09a49b918,No
spotify:track:45410N8edgCr9yr3OE66dc,Drunk on a Rhythm,Drunk on a Rhythm,Gothic Tropic,65af0a018fc04a5aa7541314b9cd165f,2023-12-09T01:35:17Z,,d08bf3d7786844f58e8dadb09a49b918,No
spotify:track:4LY7VZhDLlRpsUlBIOZ7Ew,Cerca De Ti,Hoy Como Ayer,Hermanos Guti√©rrez,f30a735fd60b474284553995aa9768f1,2023-12-09T09:59:09Z,,d08bf3d7786844f58e8dadb09a49b918,No
spotify:track:4N1QzEzQudrgGMWjPZhaX2,Sweet Symphony (feat. Chris Stapleton),Proof Of Life,"Joy Oladokun, Chris Stapleton",c826994196274eef984920f598cf3657,2023-12-09T15:13:48Z,,d08bf3d7786844f58e8dadb09a49b918,No
spotify:track:4yqTF5PlZSTmaFsd2pi54p,Time of the Cottonwood Trees,The Man from Waco,Charley Crockett,741b3f4d3e9d4bcaae168bee3f6f4513,2023-12-07T02:24:17Z,,d08bf3d7786844f58e8dadb09a49b918,No
spotify:track:5AeOFOHwU2EMu9iCubF5H0,TODAY,"Soul,PRESENT",Q,a0e1625f68f2420c806bc57a00ccd519,2023-12-07T07:59:16Z,Q was my fav find of 2023 ,d08bf3d7786844f58e8dadb09a49b918,No
spotify:track:5BnhHoajDdE7aXYajGlEZ6,It Girl,Pain/Pleasure,"Kah-Lo, Karma Fields, Associanu",a0e1625f68f2420c806bc57a00ccd519,2023-12-07T07:59:16Z,soundtrack to me driving around LA with the windows down,d08bf3d7786844f58e8dadb09a49b918,No
spotify:track:5Z3zRrMIJk7CVpfcLsM9wD,King,Communion (Deluxe),Olly Alexander (Years & Years),741b3f4d3e9d4bcaae168bee3f6f4513,2023-12-07T02:24:17Z,,d08bf3d7786844f58e8dadb09a49b918,No
spotify:track:6aBUnkXuCEQQHAlTokv9or,This Must Be the Place (Naive Melody) - 2005 Remaster,Speaking in Tongues (Deluxe Version),Talking Heads,58afd4f15f39489cb2ecbcd7895eb2f8,2023-12-08T23:49:56Z,,d08bf3d7786844f58e8dadb09a49b918,No
spotify:track:6dgUya35uo964z7GZXM07g,Nonsense,emails i can't send,Sabrina Carpenter,b82c715e0aef4ba990d0281b0c2118cb,2023-12-07T14:27:18Z,,d08bf3d7786844f58e8dadb09a49b918,No
spotify:track:6ekZkW9NdKPfvQANjKxw9G,Bones,Epoch,DeYarmond Edison,58afd4f15f39489cb2ecbcd7895eb2f8,2023-12-08T23:49:56Z,,d08bf3d7786844f58e8dadb09a49b918,No
spotify:track:6Esm09YZlCd58xR08xT021,Steal My Clothes (ft. Bea Miller) ‚Äì LP Giobbi Remix,Steal My Clothes,"Kito, Bea Miller, LP Giobbi",2fa53d8d72a24f40b3e727815750baa8,2023-12-09T08:27:52Z,,d08bf3d7786844f58e8dadb09a49b918,No
spotify:track:6iOvnACn4ChlAw4lWUU4dd,Go To Town,Amala,Doja Cat,cb2e9a92e0404f18a27f7897a58fc445,2023-12-07T11:55:54Z,,d08bf3d7786844f58e8dadb09a49b918,No
spotify:track:6uWstgXnQXfnAtcowLb9mf,I'm On Fire,I'm on Fire,Gus Dapperton,c826994196274eef984920f598cf3657,2023-12-09T15:13:48Z,,d08bf3d7786844f58e8dadb09a49b918,No
spotify:track:754kgU5rWscRTfvlsuEwFp,Kiss Me,Sixpence None the Richer,Sixpence None The Richer,b82c715e0aef4ba990d0281b0c2118cb,2023-12-07T14:27:18Z,,d08bf3d7786844f58e8dadb09a49b918,No
spotify:track:7ByxizhA4GgEf7Sxomxhze,All My Love,Stick Season,Noah Kahan,c826994196274eef984920f598cf3657,2023-12-09T15:13:48Z,,d08bf3d7786844f58e8dadb09a49b918,No
spotify:track:7zy2kNoeD72x2NEDaAsJOX,Psychedelic Switch,The Loveliest Time,Carly Rae Jepsen,f880f25dfd824ab789d2dc58da6063dd,2023-12-09T16:05:25Z,,d08bf3d7786844f58e8dadb09a49b918,No
